idealista_id,typology,area_in_m2,floor,region_parish,price_in_euros,seller contact,link_idealista,idealista_ad_title
31508669,T2 ,101, ,campolide,520000,210062154.0,https://www.idealista.pt/imovel/31508669/,"Apartamento T2 em Centro - Nova Campolide, Campolide"
30319965,T3 ,160,7º andar ,campolide,1370000,215553642.0,https://www.idealista.pt/imovel/30319965/,"Apartamento T3 em Centro - Nova Campolide, Campolide"
29897687,T2 ,92,1º andar ,campolide,700000,215553642.0,https://www.idealista.pt/imovel/29897687/,"Apartamento T2 em Centro - Nova Campolide, Campolide"
29893223,T2 ,92,1º andar ,campolide,700000,215553642.0,https://www.idealista.pt/imovel/29893223/,"Apartamento T2 em Centro - Nova Campolide, Campolide"
29897703,T2 ,97,5º andar ,campolide,780000,215553642.0,https://www.idealista.pt/imovel/29897703/,"Apartamento T2 em Centro - Nova Campolide, Campolide"
29897691,T2 ,91,2º andar ,campolide,735000,215553642.0,https://www.idealista.pt/imovel/29897691/,"Apartamento T2 em Centro - Nova Campolide, Campolide"
29897698,T2 ,91,1º andar ,campolide,695000,215553642.0,https://www.idealista.pt/imovel/29897698/,"Apartamento T2 em Centro - Nova Campolide, Campolide"
29893220,T2 ,92,1º andar ,campolide,715000,215553642.0,https://www.idealista.pt/imovel/29893220/,"Apartamento T2 em Centro - Nova Campolide, Campolide"
29893218,T2 ,97,3º andar ,campolide,760000,215553642.0,https://www.idealista.pt/imovel/29893218/,"Apartamento T2 em Centro - Nova Campolide, Campolide"
29893214,T2 ,89,5º andar ,campolide,780000,215553642.0,https://www.idealista.pt/imovel/29893214/,"Apartamento T2 em Centro - Nova Campolide, Campolide"
29893213,T2 ,89,3º andar ,campolide,775000,215553642.0,https://www.idealista.pt/imovel/29893213/,"Apartamento T2 em Centro - Nova Campolide, Campolide"
29893202,T2 ,89,2º andar ,campolide,760000,215553642.0,https://www.idealista.pt/imovel/29893202/,"Apartamento T2 em Centro - Nova Campolide, Campolide"
29893189,T1 ,67,1º andar ,campolide,500000,215553642.0,https://www.idealista.pt/imovel/29893189/,"Apartamento T1 em Centro - Nova Campolide, Campolide"
29893204,T2 ,97,4º andar ,campolide,770000,215553642.0,https://www.idealista.pt/imovel/29893204/,"Apartamento T2 em Centro - Nova Campolide, Campolide"
29893196,T2 ,101,1º andar ,campolide,745000,215553642.0,https://www.idealista.pt/imovel/29893196/,"Apartamento T2 em Centro - Nova Campolide, Campolide"
29893203,T2 ,95,1º andar ,campolide,735000,215553642.0,https://www.idealista.pt/imovel/29893203/,"Apartamento T2 em Centro - Nova Campolide, Campolide"
29893161,T2 ,92,2º andar ,campolide,710000,215553642.0,https://www.idealista.pt/imovel/29893161/,"Apartamento T2 em Centro - Nova Campolide, Campolide"
29893195,T2 ,92,2º andar ,campolide,730000,215553642.0,https://www.idealista.pt/imovel/29893195/,"Apartamento T2 em Centro - Nova Campolide, Campolide"
29893194,T2 ,92,2º andar ,campolide,710000,215553642.0,https://www.idealista.pt/imovel/29893194/,"Apartamento T2 em Centro - Nova Campolide, Campolide"
29893193,T2 ,92,1º andar ,campolide,700000,215553642.0,https://www.idealista.pt/imovel/29893193/,"Apartamento T2 em Centro - Nova Campolide, Campolide"
29893191,T2 ,91,1º andar ,campolide,715000,215553642.0,https://www.idealista.pt/imovel/29893191/,"Apartamento T2 em Centro - Nova Campolide, Campolide"
29893190,T2 ,92,1º andar ,campolide,700000,215553642.0,https://www.idealista.pt/imovel/29893190/,"Apartamento T2 em Centro - Nova Campolide, Campolide"
29893160,T2 ,92,2º andar ,campolide,710000,215553642.0,https://www.idealista.pt/imovel/29893160/,"Apartamento T2 em Centro - Nova Campolide, Campolide"
30024676,T1 ,94,1º andar ,campolide,655000,215553642.0,https://www.idealista.pt/imovel/30024676/,"Apartamento T1 em Centro - Nova Campolide, Campolide"
30024670,T1 ,65,1º andar ,campolide,500000,215553642.0,https://www.idealista.pt/imovel/30024670/,"Apartamento T1 em Centro - Nova Campolide, Campolide"
30024667,T3 ,132,6º andar ,campolide,1315000,215553642.0,https://www.idealista.pt/imovel/30024667/,"Apartamento T3 em Centro - Nova Campolide, Campolide"
29929516,T1 ,78,2º andar ,campolide,510000,210020965.0,https://www.idealista.pt/imovel/29929516/,"Apartamento T1 em Centro - Nova Campolide, Campolide"
29929515,T1 ,75,3º andar ,campolide,530000,210020965.0,https://www.idealista.pt/imovel/29929515/,"Apartamento T1 em Centro - Nova Campolide, Campolide"
29929488,T1 ,75,4º andar ,campolide,535000,210020965.0,https://www.idealista.pt/imovel/29929488/,"Apartamento T1 em Centro - Nova Campolide, Campolide"
29929514,T2 ,104,1º andar ,campolide,695000,210020965.0,https://www.idealista.pt/imovel/29929514/,"Apartamento T2 em Centro - Nova Campolide, Campolide"
29929513,T1 ,83,7º andar ,campolide,650000,210020965.0,https://www.idealista.pt/imovel/29929513/,"Apartamento T1 em Centro - Nova Campolide, Campolide"
29929512,T1 ,69,4º andar ,campolide,550000,210020965.0,https://www.idealista.pt/imovel/29929512/,"Apartamento T1 em Centro - Nova Campolide, Campolide"
29929510,T2 ,106,1º andar ,campolide,710000,210020965.0,https://www.idealista.pt/imovel/29929510/,"Apartamento T2 em Centro - Nova Campolide, Campolide"
29929509,T2 ,106,1º andar ,campolide,710000,210020965.0,https://www.idealista.pt/imovel/29929509/,"Apartamento T2 em Centro - Nova Campolide, Campolide"
29929507,T2 ,105,1º andar ,campolide,695000,210020965.0,https://www.idealista.pt/imovel/29929507/,"Apartamento T2 em Centro - Nova Campolide, Campolide"
29929505,T2 ,105,2º andar ,campolide,705000,210020965.0,https://www.idealista.pt/imovel/29929505/,"Apartamento T2 em Centro - Nova Campolide, Campolide"
29929504,T2 ,105,1º andar ,campolide,695000,210020965.0,https://www.idealista.pt/imovel/29929504/,"Apartamento T2 em Centro - Nova Campolide, Campolide"
29929503,T2 ,105,2º andar ,campolide,705000,210020965.0,https://www.idealista.pt/imovel/29929503/,"Apartamento T2 em Centro - Nova Campolide, Campolide"
29929502,T2 ,105,2º andar ,campolide,705000,210020965.0,https://www.idealista.pt/imovel/29929502/,"Apartamento T2 em Centro - Nova Campolide, Campolide"
29929501,T2 ,105,1º andar ,campolide,695000,210020965.0,https://www.idealista.pt/imovel/29929501/,"Apartamento T2 em Centro - Nova Campolide, Campolide"
29929500,T2 ,105,1º andar ,campolide,695000,210020965.0,https://www.idealista.pt/imovel/29929500/,"Apartamento T2 em Centro - Nova Campolide, Campolide"
29929478,T2 ,104,5º andar ,campolide,780000,210020965.0,https://www.idealista.pt/imovel/29929478/,"Apartamento T2 em Centro - Nova Campolide, Campolide"
29929495,T2 ,106,2º andar ,campolide,730000,210020965.0,https://www.idealista.pt/imovel/29929495/,"Apartamento T2 em Centro - Nova Campolide, Campolide"
29929494,T2 ,106,2º andar ,campolide,750000,210020965.0,https://www.idealista.pt/imovel/29929494/,"Apartamento T2 em Centro - Nova Campolide, Campolide"
29929493,T2 ,110,5º andar ,campolide,780000,210020965.0,https://www.idealista.pt/imovel/29929493/,"Apartamento T2 em Centro - Nova Campolide, Campolide"
29929492,T2 ,110,4º andar ,campolide,770000,210020965.0,https://www.idealista.pt/imovel/29929492/,"Apartamento T2 em Centro - Nova Campolide, Campolide"
29929491,T2 ,110,3º andar ,campolide,755000,210020965.0,https://www.idealista.pt/imovel/29929491/,"Apartamento T2 em Centro - Nova Campolide, Campolide"
29929490,T2 ,110,2º andar ,campolide,745000,210020965.0,https://www.idealista.pt/imovel/29929490/,"Apartamento T2 em Centro - Nova Campolide, Campolide"
30910254,T2 ,76,,campolide,704000,215551306.0,https://www.idealista.pt/imovel/30910254/,"Apartamento T2 em Centro - Nova Campolide, Campolide"
30910221,T1 ,46,,campolide,350000,215551306.0,https://www.idealista.pt/imovel/30910221/,"Apartamento T1 em Centro - Nova Campolide, Campolide"
29929508,T2 ,106,1º andar ,campolide,735000,210020965.0,https://www.idealista.pt/imovel/29929508/,"Apartamento T2 em Centro - Nova Campolide, Campolide"
29929506,T2 ,105,2º andar ,campolide,725000,210020965.0,https://www.idealista.pt/imovel/29929506/,"Apartamento T2 em Centro - Nova Campolide, Campolide"
29929511,T2 ,106,1º andar ,campolide,735000,210020965.0,https://www.idealista.pt/imovel/29929511/,"Apartamento T2 em Centro - Nova Campolide, Campolide"
29929489,T2 ,106,2º andar ,campolide,750000,210020965.0,https://www.idealista.pt/imovel/29929489/,"Apartamento T2 em Centro - Nova Campolide, Campolide"
29929497,T2 ,104,2º andar ,campolide,775000,210020965.0,https://www.idealista.pt/imovel/29929497/,"Apartamento T2 em Centro - Nova Campolide, Campolide"
29929496,T2 ,104,3º andar ,campolide,785000,210020965.0,https://www.idealista.pt/imovel/29929496/,"Apartamento T2 em Centro - Nova Campolide, Campolide"
31505650,T3 ,140,1º andar ,campolide,550000,215567291.0,https://www.idealista.pt/imovel/31505650/,"Apartamento T3 em Centro - Nova Campolide, Campolide"
31504125,T2 ,72,1º andar ,campolide,275000,215560280.0,https://www.idealista.pt/imovel/31504125/,"Apartamento T2 na rua Conde das Antas, Centro - Nova Campolide, Campolide"
31503984,T3 ,219,6º andar ,campolide,1315000,215557625.0,https://www.idealista.pt/imovel/31503984/,"Apartamento T3 em Centro - Nova Campolide, Campolide"
30472922,T3 ,212,6º andar ,campolide,1295000,215557625.0,https://www.idealista.pt/imovel/30472922/,"Apartamento T3 em Centro - Nova Campolide, Campolide"
31502654,T2 ,102,,campolide,195000,215559486.0,https://www.idealista.pt/imovel/31502654/,"Moradia em Bairro da Serafina - Bairro da Liberdade, Campolide"
31501390,T3 ,150,5º andar ,campolide,675000,966197660.0,https://www.idealista.pt/imovel/31501390/,"Apartamento T3 na rua de Campolide, 370, Praça de Espanha - Sete Rios, Campolide"
31501646,T2 ,50,,campolide,178000,215558147.0,https://www.idealista.pt/imovel/31501646/,"Moradia em banda na rua Soares dos Reis, Centro - Nova Campolide, Campolide"
31500602,T2 ,61,5º andar ,campolide,320000,215561284.0,https://www.idealista.pt/imovel/31500602/,"Apartamento T2 em Centro - Nova Campolide, Campolide"
31498822,T1 ,80,9º andar ,campolide,450000,215553718.0,https://www.idealista.pt/imovel/31498822/,"Apartamento T1 na rua Eduardo Malta, Praça de Espanha - Sete Rios, Campolide"
31497998,T2 ,106,2º andar ,campolide,750000,215569623.0,https://www.idealista.pt/imovel/31497998/,"Apartamento T2 na rua Aviador Plácido de Abreu, 1, Centro - Nova Campolide, Campolide"
31498008,T2 ,104,3º andar ,campolide,760000,215569623.0,https://www.idealista.pt/imovel/31498008/,"Apartamento T2 na rua Aviador Plácido de Abreu, 1, Centro - Nova Campolide, Campolide"
31497771,T1 ,65,3º andar ,campolide,520000,215569623.0,https://www.idealista.pt/imovel/31497771/,"Apartamento T1 na rua Aviador Plácido de Abreu, 1, Centro - Nova Campolide, Campolide"
31497763,T2 ,101,2º andar ,campolide,760000,215569623.0,https://www.idealista.pt/imovel/31497763/,"Apartamento T2 na rua Aviador Plácido de Abreu, 1, Centro - Nova Campolide, Campolide"
31497810,T1 ,67,3º andar ,campolide,530000,215569623.0,https://www.idealista.pt/imovel/31497810/,"Apartamento T1 na rua Aviador Plácido de Abreu, 1, Centro - Nova Campolide, Campolide"
31497762,T2 ,93,1º andar ,campolide,735000,215569623.0,https://www.idealista.pt/imovel/31497762/,"Apartamento T2 na rua Aviador Plácido de Abreu, 1, Centro - Nova Campolide, Campolide"
31497904,T2 ,106,2º andar ,campolide,735000,215569623.0,https://www.idealista.pt/imovel/31497904/,"Apartamento T2 na rua Aviador Plácido de Abreu, 1, Centro - Nova Campolide, Campolide"
31497756,T1 ,51,1º andar ,campolide,440000,215569623.0,https://www.idealista.pt/imovel/31497756/,"Apartamento T1 na rua Aviador Plácido de Abreu, 1, Centro - Nova Campolide, Campolide"
31497805,T1 ,65,1º andar ,campolide,500000,215569623.0,https://www.idealista.pt/imovel/31497805/,"Apartamento T1 na rua Aviador Plácido de Abreu, 1, Centro - Nova Campolide, Campolide"
31497897,T2 ,91,1º andar ,campolide,715000,215569623.0,https://www.idealista.pt/imovel/31497897/,"Apartamento T2 na rua Aviador Plácido de Abreu, 1, Centro - Nova Campolide, Campolide"
31497837,T2 ,92,1º andar ,campolide,700000,215569623.0,https://www.idealista.pt/imovel/31497837/,"Apartamento T2 na rua Aviador Plácido de Abreu, 1, Centro - Nova Campolide, Campolide"
31497997,T2 ,102,1º andar ,campolide,745000,215569623.0,https://www.idealista.pt/imovel/31497997/,"Apartamento T2 na rua Aviador Plácido de Abreu, 1, Centro - Nova Campolide, Campolide"
31497755,T2 ,106,3º andar ,campolide,775000,215569623.0,https://www.idealista.pt/imovel/31497755/,"Apartamento T2 na rua Aviador Plácido de Abreu, 1, Centro - Nova Campolide, Campolide"
31497804,T1 ,63,3º andar ,campolide,520000,215569623.0,https://www.idealista.pt/imovel/31497804/,"Apartamento T1 na rua Aviador Plácido de Abreu, 1, Centro - Nova Campolide, Campolide"
31497806,T1 ,67,1º andar ,campolide,500000,215569623.0,https://www.idealista.pt/imovel/31497806/,"Apartamento T1 na rua Aviador Plácido de Abreu, 1, Centro - Nova Campolide, Campolide"
31497766,T2 ,104,4º andar ,campolide,770000,215569623.0,https://www.idealista.pt/imovel/31497766/,"Apartamento T2 na rua Aviador Plácido de Abreu, 1, Centro - Nova Campolide, Campolide"
31497874,T2 ,92,2º andar ,campolide,710000,215569623.0,https://www.idealista.pt/imovel/31497874/,"Apartamento T2 na rua Aviador Plácido de Abreu, 1, Centro - Nova Campolide, Campolide"
31497825,T1 ,104,1º andar ,campolide,655000,215569623.0,https://www.idealista.pt/imovel/31497825/,"Apartamento T1 na rua Aviador Plácido de Abreu, 1, Centro - Nova Campolide, Campolide"
31497801,T1 ,67,2º andar ,campolide,510000,215569623.0,https://www.idealista.pt/imovel/31497801/,"Apartamento T1 na rua Aviador Plácido de Abreu, 1, Centro - Nova Campolide, Campolide"
31497811,T2 ,85,1º andar ,campolide,695000,215569623.0,https://www.idealista.pt/imovel/31497811/,"Apartamento T2 na rua Aviador Plácido de Abreu, 1, Centro - Nova Campolide, Campolide"
31497800,T1 ,65,3º andar ,campolide,475000,215569623.0,https://www.idealista.pt/imovel/31497800/,"Apartamento T1 na rua Aviador Plácido de Abreu, 1, Centro - Nova Campolide, Campolide"
31497772,T1 ,64,4º andar ,campolide,530000,215569623.0,https://www.idealista.pt/imovel/31497772/,"Apartamento T1 na rua Aviador Plácido de Abreu, 1, Centro - Nova Campolide, Campolide"
31497709,T3 ,212,6º andar ,campolide,1340000,215569623.0,https://www.idealista.pt/imovel/31497709/,"Apartamento T3 na rua Aviador Plácido de Abreu, 1, Centro - Nova Campolide, Campolide"
31497711,T0 ,45,2º andar ,campolide,350000,215569623.0,https://www.idealista.pt/imovel/31497711/,"Apartamento T0 na rua Aviador Plácido de Abreu, 1, Centro - Nova Campolide, Campolide"
31497700,T3 ,219,6º andar ,campolide,1315000,215569623.0,https://www.idealista.pt/imovel/31497700/,"Apartamento T3 na rua Aviador Plácido de Abreu, 1, Centro - Nova Campolide, Campolide"
31497711,T0 ,45,2º andar ,campolide,350000,215569623.0,https://www.idealista.pt/imovel/31497711/,"Apartamento T0 na rua Aviador Plácido de Abreu, 1, Centro - Nova Campolide, Campolide"
31497691,T3 ,151,7º andar ,campolide,1250000,215569623.0,https://www.idealista.pt/imovel/31497691/,"Apartamento T3 na rua Aviador Plácido de Abreu, 1, Centro - Nova Campolide, Campolide"
31497663,T2 ,119,6º andar ,campolide,850000,215569623.0,https://www.idealista.pt/imovel/31497663/,"Apartamento T2 na rua Aviador Plácido de Abreu, 1, Centro - Nova Campolide, Campolide"
31497661,T3 ,204,7º andar ,campolide,1370000,215569623.0,https://www.idealista.pt/imovel/31497661/,"Apartamento T3 na rua Aviador Plácido de Abreu, 1, Centro - Nova Campolide, Campolide"
31497712,T2 ,102,7º andar ,campolide,870000,215569623.0,https://www.idealista.pt/imovel/31497712/,"Apartamento T2 na rua Aviador Plácido de Abreu, 1, Centro - Nova Campolide, Campolide"
31497723,T2 ,108,2º andar ,campolide,780000,215569623.0,https://www.idealista.pt/imovel/31497723/,"Apartamento T2 na rua Aviador Plácido de Abreu, 1, Centro - Nova Campolide, Campolide"
31498275,T1 ,67, ,campolide,175000,215563791.0,https://www.idealista.pt/imovel/31498275/,"Apartamento T1 em Centro - Nova Campolide, Campolide"
31496750,T2 ,61,4º andar ,campolide,299000,215554862.0,https://www.idealista.pt/imovel/31496750/,"Apartamento T2, Calçada da Quintinha, 2, Centro - Nova Campolide, Campolide"
31496546,T4 ,87,,campolide,360000,215557639.0,https://www.idealista.pt/imovel/31496546/,"Moradia geminada, Calçada dos Mestres, Centro - Nova Campolide, Campolide"
31494826,T2 ,85,,campolide,350000,215553617.0,https://www.idealista.pt/imovel/31494826/,"Apartamento T2 em Centro - Nova Campolide, Campolide"
31489119,T2 ,45,1º andar ,campolide,245000,215550736.0,https://www.idealista.pt/imovel/31489119/,"Apartamento T2 em Centro - Nova Campolide, Campolide"
31492278,T3 ,189, ,campolide,975000,215565359.0,https://www.idealista.pt/imovel/31492278/,"Apartamento T3 em Bairro da Serafina - Bairro da Liberdade, Campolide"
31491598,T2 ,91, ,campolide,715000,215560203.0,https://www.idealista.pt/imovel/31491598/,"Apartamento T2 em Centro - Nova Campolide, Campolide"
31491597,T2 ,84, ,campolide,695000,215560203.0,https://www.idealista.pt/imovel/31491597/,"Apartamento T2 em Centro - Nova Campolide, Campolide"
31490747,T2 ,92, ,campolide,710000,215560203.0,https://www.idealista.pt/imovel/31490747/,"Apartamento T2 em Centro - Nova Campolide, Campolide"
31490746,T2 ,92, ,campolide,710000,215560203.0,https://www.idealista.pt/imovel/31490746/,"Apartamento T2 em Centro - Nova Campolide, Campolide"
31490745,T2 ,92, ,campolide,700000,215560203.0,https://www.idealista.pt/imovel/31490745/,"Apartamento T2 em Centro - Nova Campolide, Campolide"
31490744,T2 ,92, ,campolide,710000,215560203.0,https://www.idealista.pt/imovel/31490744/,"Apartamento T2 em Centro - Nova Campolide, Campolide"
31490743,T2 ,101, ,campolide,870000,215560203.0,https://www.idealista.pt/imovel/31490743/,"Apartamento T2 em Centro - Nova Campolide, Campolide"
31490742,T2 ,105, ,campolide,735000,215560203.0,https://www.idealista.pt/imovel/31490742/,"Apartamento T2 em Centro - Nova Campolide, Campolide"
31490741,T2 ,92, ,campolide,715000,215560203.0,https://www.idealista.pt/imovel/31490741/,"Apartamento T2 em Centro - Nova Campolide, Campolide"
31490229,T2 ,50,1º andar ,campolide,245000,215561475.0,https://www.idealista.pt/imovel/31490229/,"Apartamento T2 em Centro - Nova Campolide, Campolide"
31489227,T4 ,246,16º andar ,campolide,799000,215561846.0,https://www.idealista.pt/imovel/31489227/,"Apartamento T4 em Praça de Espanha - Sete Rios, Campolide"
31487323,T3 ,80,2º andar ,campolide,350000,210062168.0,https://www.idealista.pt/imovel/31487323/,"Duplex em Praça de Espanha - Sete Rios, Campolide"
31487292,T3 ,86,2º andar ,campolide,375000,210062168.0,https://www.idealista.pt/imovel/31487292/,"Duplex em Praça de Espanha - Sete Rios, Campolide"
31486309,T3 ,82,,campolide,320000,265560148.0,https://www.idealista.pt/imovel/31486309/,"Apartamento T3 em Centro - Nova Campolide, Campolide"
31486050,T2 ,98, ,campolide,260000,215564153.0,https://www.idealista.pt/imovel/31486050/,"Apartamento T2 em Bairro Calçada dos Mestres, Campolide"
31484922,T3 ,150, ,campolide,1250000,215560203.0,https://www.idealista.pt/imovel/31484922/,"Apartamento T3 em Centro - Nova Campolide, Campolide"
31484921,T2 ,91, ,campolide,715000,215560203.0,https://www.idealista.pt/imovel/31484921/,"Apartamento T2 em Centro - Nova Campolide, Campolide"
31484920,T2 ,92, ,campolide,700000,215560203.0,https://www.idealista.pt/imovel/31484920/,"Apartamento T2 em Centro - Nova Campolide, Campolide"
31484917,T2 ,103, ,campolide,770000,215560203.0,https://www.idealista.pt/imovel/31484917/,"Apartamento T2 em Centro - Nova Campolide, Campolide"
31484916,T2 ,119, ,campolide,850000,215560203.0,https://www.idealista.pt/imovel/31484916/,"Apartamento T2 em Centro - Nova Campolide, Campolide"
31484915,T2 ,108, ,campolide,810000,215560203.0,https://www.idealista.pt/imovel/31484915/,"Apartamento T2 em Centro - Nova Campolide, Campolide"
31484904,T2 ,92, ,campolide,700000,215560203.0,https://www.idealista.pt/imovel/31484904/,"Apartamento T2 em Centro - Nova Campolide, Campolide"
31484903,T2 ,91, ,campolide,715000,215560203.0,https://www.idealista.pt/imovel/31484903/,"Apartamento T2 em Centro - Nova Campolide, Campolide"
31484189,T2 ,70,2º andar ,campolide,315000,215550736.0,https://www.idealista.pt/imovel/31484189/,"Apartamento T2 em Centro - Nova Campolide, Campolide"
31481806,T2 ,58,1º andar ,campolide,460000,215550578.0,https://www.idealista.pt/imovel/31481806/,"Apartamento T2 na rua Arco do Carvalhão, Bairro Calçada dos Mestres, Campolide"
31481284,T2 ,55, ,campolide,245000,215565713.0,https://www.idealista.pt/imovel/31481284/,"Duplex em Centro - Nova Campolide, Campolide"
31480739,T3 ,98,Rés do chão ,campolide,495000,215550613.0,https://www.idealista.pt/imovel/31480739/,"Apartamento T3 em Centro - Nova Campolide, Campolide"
29535721,T5 ,342,10º andar ,campolide,2755000,215563064.0,https://www.idealista.pt/imovel/29535721/,"Apartamento T5 em Centro - Nova Campolide, Campolide"
31468853,T2 ,115,2º andar ,campolide,449900,215550521.0,https://www.idealista.pt/imovel/31468853/,"Apartamento T2 na rua de Campolide, Praça de Espanha - Sete Rios, Campolide"
31479191,T2 ,60,1º andar ,campolide,245000,215562074.0,https://www.idealista.pt/imovel/31479191/,"Apartamento T2 em Centro - Nova Campolide, Campolide"
31479092,T2 ,90,9º andar ,campolide,450000,215560157.0,https://www.idealista.pt/imovel/31479092/,"Apartamento T2 em Praça de Espanha - Sete Rios, Campolide"
31478603,T0 ,103,,campolide,200000,,https://www.idealista.pt/imovel/31478603/,"Moradia independente na rua Cotovelo, 271, Bairro da Serafina - Bairro da Liberdade, Campolide"
31478326,T2 ,58,,campolide,460000,215552837.0,https://www.idealista.pt/imovel/31478326/,"Apartamento T2 em Centro - Nova Campolide, Campolide"
31476845,T3 ,69,1º andar ,campolide,255000,215560280.0,https://www.idealista.pt/imovel/31476845/,"Apartamento T3 na rua Leandro Braga, Centro - Nova Campolide, Campolide"
31476709,T1 ,65,3º andar ,campolide,520000,215557625.0,https://www.idealista.pt/imovel/31476709/,"Apartamento T1 em Centro - Nova Campolide, Campolide"
31476708,T2 ,104,3º andar ,campolide,760000,215557625.0,https://www.idealista.pt/imovel/31476708/,"Apartamento T2 em Centro - Nova Campolide, Campolide"
31476707,T2 ,92,2º andar ,campolide,710000,215557625.0,https://www.idealista.pt/imovel/31476707/,"Apartamento T2 em Centro - Nova Campolide, Campolide"
31476698,T2 ,92,1º andar ,campolide,700000,215557625.0,https://www.idealista.pt/imovel/31476698/,"Apartamento T2 em Centro - Nova Campolide, Campolide"
31476706,T2 ,91,1º andar ,campolide,715000,215557625.0,https://www.idealista.pt/imovel/31476706/,"Apartamento T2 em Centro - Nova Campolide, Campolide"
31476705,T2 ,92,1º andar ,campolide,700000,215557625.0,https://www.idealista.pt/imovel/31476705/,"Apartamento T2 em Centro - Nova Campolide, Campolide"
31476674,T2 ,92,1º andar ,campolide,700000,215557625.0,https://www.idealista.pt/imovel/31476674/,"Apartamento T2 em Centro - Nova Campolide, Campolide"
31476697,T2 ,91,1º andar ,campolide,715000,215557625.0,https://www.idealista.pt/imovel/31476697/,"Apartamento T2 em Centro - Nova Campolide, Campolide"
31476673,T2 ,92,2º andar ,campolide,710000,215557625.0,https://www.idealista.pt/imovel/31476673/,"Apartamento T2 em Centro - Nova Campolide, Campolide"
31476684,T2 ,101,2º andar ,campolide,760000,215557625.0,https://www.idealista.pt/imovel/31476684/,"Apartamento T2 em Centro - Nova Campolide, Campolide"
31476683,T2 ,92,2º andar ,campolide,710000,215557625.0,https://www.idealista.pt/imovel/31476683/,"Apartamento T2 em Centro - Nova Campolide, Campolide"
30393065,T1 ,57,4º andar ,campolide,475000,215557625.0,https://www.idealista.pt/imovel/30393065/,"Apartamento T1 em Centro - Nova Campolide, Campolide"
31476405,T2 ,106,2º andar ,campolide,730000,215557625.0,https://www.idealista.pt/imovel/31476405/,"Apartamento T2 em Centro - Nova Campolide, Campolide"
31476204,T2 ,118,2º andar ,campolide,590000,215550117.0,https://www.idealista.pt/imovel/31476204/,"Apartamento T2 em Centro - Nova Campolide, Campolide"
31475942,T2 ,74,,campolide,220000,215552816.0,https://www.idealista.pt/imovel/31475942/,"Apartamento T2 em Centro - Nova Campolide, Campolide"
31474663,T1 ,75,15º andar ,campolide,500000,215550117.0,https://www.idealista.pt/imovel/31474663/,"Apartamento T1 em Centro - Nova Campolide, Campolide"
31474648,T5 ,379,8º andar ,campolide,2600000,215557625.0,https://www.idealista.pt/imovel/31474648/,"Apartamento T5 em Centro - Nova Campolide, Campolide"
31474645,T1 ,65,4º andar ,campolide,525000,215557625.0,https://www.idealista.pt/imovel/31474645/,"Apartamento T1 em Centro - Nova Campolide, Campolide"
31474633,T5 ,379,10º andar ,campolide,2755000,215557625.0,https://www.idealista.pt/imovel/31474633/,"Apartamento T5 em Centro - Nova Campolide, Campolide"
31473721,T2 ,87,4º andar ,campolide,435000,215560157.0,https://www.idealista.pt/imovel/31473721/,"Apartamento T2 na rua Eduardo Malta, Praça de Espanha - Sete Rios, Campolide"
31471361,T1 ,90,9º andar ,campolide,450000,215560157.0,https://www.idealista.pt/imovel/31471361/,"Apartamento T1 na rua Eduardo Malta, Praça de Espanha - Sete Rios, Campolide"
31471994,T2 ,106,3º andar ,campolide,775000,215557625.0,https://www.idealista.pt/imovel/31471994/,"Apartamento T2 em Centro - Nova Campolide, Campolide"
31471993,T2 ,104,4º andar ,campolide,770000,215557625.0,https://www.idealista.pt/imovel/31471993/,"Apartamento T2 em Centro - Nova Campolide, Campolide"
31471992,T2 ,102,7º andar ,campolide,870000,215557625.0,https://www.idealista.pt/imovel/31471992/,"Apartamento T2 em Centro - Nova Campolide, Campolide"
31471991,T1 ,63,3º andar ,campolide,520000,215557625.0,https://www.idealista.pt/imovel/31471991/,"Apartamento T1 em Centro - Nova Campolide, Campolide"
31471990,T2 ,93,1º andar ,campolide,735000,215557625.0,https://www.idealista.pt/imovel/31471990/,"Apartamento T2 em Centro - Nova Campolide, Campolide"
31471989,T2 ,102,1º andar ,campolide,745000,215557625.0,https://www.idealista.pt/imovel/31471989/,"Apartamento T2 em Centro - Nova Campolide, Campolide"
31471988,T1 ,65,1º andar ,campolide,500000,215557625.0,https://www.idealista.pt/imovel/31471988/,"Apartamento T1 em Centro - Nova Campolide, Campolide"
31471987,T1 ,104,1º andar ,campolide,655000,215557625.0,https://www.idealista.pt/imovel/31471987/,"Apartamento T1 em Centro - Nova Campolide, Campolide"
31471986,T1 ,63,4º andar ,campolide,525000,215557625.0,https://www.idealista.pt/imovel/31471986/,"Apartamento T1 em Centro - Nova Campolide, Campolide"
31471984,T2 ,106,2º andar ,campolide,730000,215557625.0,https://www.idealista.pt/imovel/31471984/,"Apartamento T2 em Centro - Nova Campolide, Campolide"
31471983,T1 ,67,2º andar ,campolide,510000,215557625.0,https://www.idealista.pt/imovel/31471983/,"Apartamento T1 em Centro - Nova Campolide, Campolide"
31471982,T2 ,108,2º andar ,campolide,780000,215557625.0,https://www.idealista.pt/imovel/31471982/,"Apartamento T2 em Centro - Nova Campolide, Campolide"
31471980,T2 ,119,6º andar ,campolide,850000,215557625.0,https://www.idealista.pt/imovel/31471980/,"Apartamento T2 em Centro - Nova Campolide, Campolide"
31471972,T2 ,85,1º andar ,campolide,695000,215557625.0,https://www.idealista.pt/imovel/31471972/,"Apartamento T2 em Centro - Nova Campolide, Campolide"
31471971,T0 ,45,2º andar ,campolide,350000,215557625.0,https://www.idealista.pt/imovel/31471971/,"Apartamento T0 em Centro - Nova Campolide, Campolide"
31471970,T1 ,65,3º andar ,campolide,475000,215557625.0,https://www.idealista.pt/imovel/31471970/,"Apartamento T1 em Centro - Nova Campolide, Campolide"
31471969,T1 ,63,4º andar ,campolide,525000,215557625.0,https://www.idealista.pt/imovel/31471969/,"Apartamento T1 em Centro - Nova Campolide, Campolide"
31471967,T1 ,62,1º andar ,campolide,510000,215557625.0,https://www.idealista.pt/imovel/31471967/,"Apartamento T1 em Centro - Nova Campolide, Campolide"
31471682,T2 ,118,,campolide,590000,215561151.0,https://www.idealista.pt/imovel/31471682/,"Apartamento T2 em Centro - Nova Campolide, Campolide"
31471156,T4 ,260, ,campolide,1300000,265562974.0,https://www.idealista.pt/imovel/31471156/,"Apartamento T4 em Praça de Espanha - Sete Rios, Campolide"
31470013,T3 ,101,,campolide,675000,265567493.0,https://www.idealista.pt/imovel/31470013/,"Moradia geminada na rua 1, Bairro Calçada dos Mestres, Campolide"
31469879,T7 ,230,17º andar ,campolide,825000,210020965.0,https://www.idealista.pt/imovel/31469879/,"Apartamento T7 em Centro - Nova Campolide, Campolide"
31351823,T3 ,183,,campolide,799000,215558645.0,https://www.idealista.pt/imovel/31351823/,"Moradia independente em Centro - Nova Campolide, Campolide"
29121121,T2 ,75,2º andar ,campolide,248000,215559632.0,https://www.idealista.pt/imovel/29121121/,"Apartamento T2 em Centro - Nova Campolide, Campolide"
30105781,T2 ,70,3º andar ,campolide,435000,215557028.0,https://www.idealista.pt/imovel/30105781/,"Apartamento T2 na rua Eduardo Malta, Praça de Espanha - Sete Rios, Campolide"
31466177,T3 ,167,,campolide,850000,210020965.0,https://www.idealista.pt/imovel/31466177/,"Apartamento T3 em Centro - Nova Campolide, Campolide"
31466124,T3 ,75,7º andar ,campolide,250000,215552634.0,https://www.idealista.pt/imovel/31466124/,"Apartamento T3, Calçada dos Mestres, Centro - Nova Campolide, Campolide"
31465895,T3 ,97,1º andar ,campolide,211000,215557504.0,https://www.idealista.pt/imovel/31465895/,"Apartamento T3 em Bairro da Serafina - Bairro da Liberdade, Campolide"
31464728,T2 ,105,3º andar ,campolide,318500,215555267.0,https://www.idealista.pt/imovel/31464728/,"Apartamento T2 na rua General Taborda, 3, Centro - Nova Campolide, Campolide"
31464345,T3 ,130, ,campolide,990000,215552495.0,https://www.idealista.pt/imovel/31464345/,"Apartamento T3 em Centro - Nova Campolide, Campolide"
31463864,T3 ,99,2º andar ,campolide,470000,215555729.0,https://www.idealista.pt/imovel/31463864/,"Apartamento T3, calçada da quitinha, Bairro Calçada dos Mestres, Campolide"
31463896,T2 ,160,,campolide,400000,215561475.0,https://www.idealista.pt/imovel/31463896/,"Apartamento T2 em Centro - Nova Campolide, Campolide"
31460508,T2 ,71,,campolide,295000,215552791.0,https://www.idealista.pt/imovel/31460508/,"Apartamento T2 na rua Conde Antas, s/n, Centro - Nova Campolide, Campolide"
31458783,T3 ,215,2º andar ,campolide,990000,961115456.0,https://www.idealista.pt/imovel/31458783/,"Duplex na rua de Campolide, 180, Centro - Nova Campolide, Campolide"
31457771,T2 ,75, ,campolide,250000,215563708.0,https://www.idealista.pt/imovel/31457771/,"Apartamento T2 em Centro - Nova Campolide, Campolide"
31453816,T3 ,100,2º andar ,campolide,299000,926408688.0,https://www.idealista.pt/imovel/31453816/,"Apartamento T3 em Centro - Nova Campolide, Campolide"
31452874,T2 ,115,1º andar ,campolide,449000,215552114.0,https://www.idealista.pt/imovel/31452874/,"Apartamento T2, Vieira Lusitano, Centro - Nova Campolide, Campolide"
31451617,T3 ,150,,campolide,1250000,215561863.0,https://www.idealista.pt/imovel/31451617/,"Apartamento T3 em Centro - Nova Campolide, Campolide"
31447926,T3 ,98,1º andar ,campolide,211000,215552673.0,https://www.idealista.pt/imovel/31447926/,"Apartamento T3 na rua Reinaldo Manuel dos Santos, Bairro da Serafina - Bairro da Liberdade, Campolide"
31447041,T0 ,22,7º andar ,campolide,138000,215560926.0,https://www.idealista.pt/imovel/31447041/,"Apartamento T0 em Praça de Espanha - Sete Rios, Campolide"
31446885,T3 ,98,1º andar ,campolide,211000,215556218.0,https://www.idealista.pt/imovel/31446885/,"Apartamento T3 na rua Reinaldo Manuel dos Santos, Bairro da Serafina - Bairro da Liberdade, Campolide"
31446441,T6 ,437,21º andar ,campolide,4680000,215551563.0,https://www.idealista.pt/imovel/31446441/,"Apartamento T6 na rua de Campolide, s/n, Praça de Espanha - Sete Rios, Campolide"
31446341,T3 ,172,2º andar ,campolide,910000,215551563.0,https://www.idealista.pt/imovel/31446341/,"Apartamento T3 na rua de Campolide, s/n, Praça de Espanha - Sete Rios, Campolide"
31446410,T3 ,170,1º andar ,campolide,960000,215551563.0,https://www.idealista.pt/imovel/31446410/,"Apartamento T3 na rua de Campolide, s/n, Praça de Espanha - Sete Rios, Campolide"
31446422,T3 ,185,21º andar ,campolide,1430000,215551563.0,https://www.idealista.pt/imovel/31446422/,"Apartamento T3 na rua de Campolide, s/n, Praça de Espanha - Sete Rios, Campolide"
31446176,T2 ,139,16º andar ,campolide,905000,215551563.0,https://www.idealista.pt/imovel/31446176/,"Apartamento T2 na rua de Campolide, s/n, Praça de Espanha - Sete Rios, Campolide"
31446414,T3 ,172,11º andar ,campolide,1140000,215551563.0,https://www.idealista.pt/imovel/31446414/,"Apartamento T3 na rua de Campolide, s/n, Praça de Espanha - Sete Rios, Campolide"
31446421,T3 ,185,19º andar ,campolide,1400000,215551563.0,https://www.idealista.pt/imovel/31446421/,"Apartamento T3 na rua de Campolide, s/n, Praça de Espanha - Sete Rios, Campolide"
31446132,T2 ,155,22º andar ,campolide,1250000,215551563.0,https://www.idealista.pt/imovel/31446132/,"Apartamento T2 na rua de Campolide, s/n, Praça de Espanha - Sete Rios, Campolide"
31445691,T1 ,68,5º andar ,campolide,420000,215551563.0,https://www.idealista.pt/imovel/31445691/,"Apartamento T1 na rua de Campolide, s/n, Praça de Espanha - Sete Rios, Campolide"
31445690,T0 ,63,16º andar ,campolide,400000,215551563.0,https://www.idealista.pt/imovel/31445690/,"Apartamento T0 na rua de Campolide, s/n, Praça de Espanha - Sete Rios, Campolide"
31445704,T1 ,66,6º andar ,campolide,420000,215551563.0,https://www.idealista.pt/imovel/31445704/,"Apartamento T1 na rua de Campolide, s/n, Praça de Espanha - Sete Rios, Campolide"
31446054,T2 ,133,14º andar ,campolide,895000,215551563.0,https://www.idealista.pt/imovel/31446054/,"Apartamento T2 na rua de Campolide, s/n, Praça de Espanha - Sete Rios, Campolide"
31446064,T2 ,139,Rés do chão ,campolide,720000,215551563.0,https://www.idealista.pt/imovel/31446064/,"Apartamento T2 na rua de Campolide, s/n, Praça de Espanha - Sete Rios, Campolide"
31446054,T2 ,133,14º andar ,campolide,895000,215551563.0,https://www.idealista.pt/imovel/31446054/,"Apartamento T2 na rua de Campolide, s/n, Praça de Espanha - Sete Rios, Campolide"
31445692,T1 ,59,8º andar ,campolide,450000,215551563.0,https://www.idealista.pt/imovel/31445692/,"Apartamento T1 na rua de Campolide, s/n, Praça de Espanha - Sete Rios, Campolide"
31446053,T2 ,135,10º andar ,campolide,840000,215551563.0,https://www.idealista.pt/imovel/31446053/,"Apartamento T2 na rua de Campolide, s/n, Praça de Espanha - Sete Rios, Campolide"
31446116,T2 ,147,Rés do chão ,campolide,780000,215551563.0,https://www.idealista.pt/imovel/31446116/,"Apartamento T2 na rua de Campolide, s/n, Praça de Espanha - Sete Rios, Campolide"
31446110,T2 ,170,Entreplanta ,campolide,760000,215551563.0,https://www.idealista.pt/imovel/31446110/,"Apartamento T2 na rua de Campolide, s/n, Praça de Espanha - Sete Rios, Campolide"
31446208,T3 ,97,,campolide,211000,215560298.0,https://www.idealista.pt/imovel/31446208/,"Apartamento T3 em Bairro da Serafina - Bairro da Liberdade, Campolide"
31444520,T4 ,301, ,campolide,1300000,244410837.0,https://www.idealista.pt/imovel/31444520/,"Apartamento T4 em Praça de Espanha - Sete Rios, Campolide"
31440879,T0 ,45, ,campolide,350000,215560203.0,https://www.idealista.pt/imovel/31440879/,"Apartamento T0 em Centro - Nova Campolide, Campolide"
31440878,T2 ,103, ,campolide,760000,215560203.0,https://www.idealista.pt/imovel/31440878/,"Apartamento T2 em Centro - Nova Campolide, Campolide"
31440877,T2 ,106, ,campolide,775000,215560203.0,https://www.idealista.pt/imovel/31440877/,"Apartamento T2 em Centro - Nova Campolide, Campolide"
31440634,T3 ,140,1º andar ,campolide,550000,215567291.0,https://www.idealista.pt/imovel/31440634/,"Apartamento T3 em Centro - Nova Campolide, Campolide"
31440608,T1 ,75,,campolide,500000,215554519.0,https://www.idealista.pt/imovel/31440608/,"Apartamento T1 em Centro - Nova Campolide, Campolide"
31440207,T3 ,98,Rés do chão ,campolide,211000,215559486.0,https://www.idealista.pt/imovel/31440207/,"Apartamento T3 em Bairro da Serafina - Bairro da Liberdade, Campolide"
31435462,T3 ,55,1º andar ,campolide,245000,215550298.0,https://www.idealista.pt/imovel/31435462/,"Apartamento T3 na rua Ferreira chaves, Centro - Nova Campolide, Campolide"
31433445,T2 ,123,2º andar ,campolide,510000,215551098.0,https://www.idealista.pt/imovel/31433445/,"Duplex em Centro - Nova Campolide, Campolide"
31432227,T1 ,71,,campolide,225000,215552798.0,https://www.idealista.pt/imovel/31432227/,"Apartamento T1 em Bairro Calçada dos Mestres, Campolide"
30851149,T3 ,140,2º andar ,campolide,610000,917220566.0,https://www.idealista.pt/imovel/30851149/,"Apartamento T3 na rua General Taborda, 86, Centro - Nova Campolide, Campolide"
31429371,T2 ,130,1º andar ,campolide,449000,215561613.0,https://www.idealista.pt/imovel/31429371/,"Apartamento T2 em Centro - Nova Campolide, Campolide"
31427939,T1 ,76,,campolide,298000,210020965.0,https://www.idealista.pt/imovel/31427939/,"Apartamento T1 em Centro - Nova Campolide, Campolide"
31426999,T2 ,136,17º andar ,campolide,580000,215559732.0,https://www.idealista.pt/imovel/31426999/,"Apartamento T2 na rua de Campolide, Praça de Espanha - Sete Rios, Campolide"
31422727,T2 ,58,,campolide,330000,239320436.0,https://www.idealista.pt/imovel/31422727/,"Moradia, Escadinhas da Liberdade, s/n, Bairro da Serafina - Bairro da Liberdade, Campolide"
31422510,T1 ,52,,campolide,259500,215552738.0,https://www.idealista.pt/imovel/31422510/,"Apartamento T1, Alto do Carvalhão, s/n, Centro - Nova Campolide, Campolide"
31415478,T3 ,140,1º andar ,campolide,550000,215567291.0,https://www.idealista.pt/imovel/31415478/,"Apartamento T3 em Centro - Nova Campolide, Campolide"
31410646,T2 ,60,3º andar ,campolide,275000,265563061.0,https://www.idealista.pt/imovel/31410646/,"Apartamento T2 em Centro - Nova Campolide, Campolide"
30721990,T2 ,120, ,campolide,635000,215553057.0,https://www.idealista.pt/imovel/30721990/,"Apartamento T2 em Bairro Calçada dos Mestres, Campolide"
31396063,T3 ,109, ,campolide,750000,215568914.0,https://www.idealista.pt/imovel/31396063/,"Apartamento T3 na rua Soares dos Reis, 14, Centro - Nova Campolide, Campolide"
31394288,T2 ,222,Rés do chão ,campolide,1420000,215551954.0,https://www.idealista.pt/imovel/31394288/,"Apartamento T2 em Centro - Nova Campolide, Campolide"
31394143,T1 ,61,2º andar ,campolide,220000,215557625.0,https://www.idealista.pt/imovel/31394143/,"Apartamento T1 em Centro - Nova Campolide, Campolide"
31393715,T1 ,65,Cave ,campolide,315000,210027604.0,https://www.idealista.pt/imovel/31393715/,"Apartamento T1 em Centro - Nova Campolide, Campolide"
31391572,T4 ,157,,campolide,690000,215561832.0,https://www.idealista.pt/imovel/31391572/,"Moradia geminada na rua 10, 11, Bairro Calçada dos Mestres, Campolide"
31390218,T2 ,101, ,campolide,745000,215560203.0,https://www.idealista.pt/imovel/31390218/,"Apartamento T2 em Centro - Nova Campolide, Campolide"
31384300,T2 ,98,7º andar ,campolide,450000,215556408.0,https://www.idealista.pt/imovel/31384300/,"Apartamento T2 na rua Professor Sousa da Câmara, Centro - Nova Campolide, Campolide"
31378962,T2 ,115,,campolide,215000,215554519.0,https://www.idealista.pt/imovel/31378962/,"Apartamento T2 em Centro - Nova Campolide, Campolide"
31378885,T2 ,123,,campolide,510000,215552931.0,https://www.idealista.pt/imovel/31378885/,"Apartamento T2 na rua de Campolide, s/n, Centro - Nova Campolide, Campolide"
31376845,T4 ,230,7º andar ,campolide,1200000,215560353.0,https://www.idealista.pt/imovel/31376845/,"Apartamento T4 em Centro - Nova Campolide, Campolide"
31372342,T1 ,81,2º andar ,campolide,350000,215565017.0,https://www.idealista.pt/imovel/31372342/,"Apartamento T1 na rua Vítor Bastos, 52, Centro - Nova Campolide, Campolide"
31370757,T2 ,108,7º andar ,campolide,497000,215550117.0,https://www.idealista.pt/imovel/31370757/,"Apartamento T2 em Centro - Nova Campolide, Campolide"
31370207,T2 ,108,,campolide,497000,215554519.0,https://www.idealista.pt/imovel/31370207/,"Apartamento T2 em Centro - Nova Campolide, Campolide"
29333298,T2 ,104,,campolide,460000,215553057.0,https://www.idealista.pt/imovel/29333298/,"Apartamento T2 em Bairro Calçada dos Mestres, Campolide"
31361015,T1 ,43,Cave ,campolide,130000,926486816.0,https://www.idealista.pt/imovel/31361015/,"Apartamento T1, Calçada da Quintinha, 101, Bairro Calçada dos Mestres, Campolide"
31365775,T2 ,192,2º andar ,campolide,1720000,215565359.0,https://www.idealista.pt/imovel/31365775/,"Apartamento T2 em Centro - Nova Campolide, Campolide"
31338080,T1 ,66,Cave ,campolide,295000,927585385.0,https://www.idealista.pt/imovel/31338080/,"Apartamento T1 na rua Conde Antas, 69, Centro - Nova Campolide, Campolide"
31098481,T1 ,35,1º andar ,campolide,160000,215553078.0,https://www.idealista.pt/imovel/31098481/,"Apartamento T1 em Centro - Nova Campolide, Campolide"
31362803,T2 ,70,,campolide,425000,210020965.0,https://www.idealista.pt/imovel/31362803/,"Apartamento T2 em Centro - Nova Campolide, Campolide"
31362338,T1 ,70, ,campolide,195000,215553078.0,https://www.idealista.pt/imovel/31362338/,"Apartamento T1 em Centro - Nova Campolide, Campolide"
31361586,T2 ,50,Rés do chão ,campolide,190000,215550618.0,https://www.idealista.pt/imovel/31361586/,"Apartamento T2, tv do tarujo, Praça de Espanha - Sete Rios, Campolide"
31359551,T2 ,96,5º andar ,campolide,780000,215559135.0,https://www.idealista.pt/imovel/31359551/,"Apartamento T2 em Centro - Nova Campolide, Campolide"
31359249,T2 ,105, ,campolide,730000,215561863.0,https://www.idealista.pt/imovel/31359249/,"Apartamento T2 em Centro - Nova Campolide, Campolide"
31355216,T2 ,104, ,campolide,500000,215560211.0,https://www.idealista.pt/imovel/31355216/,"Duplex na rua do Arco do Carvalhão, 54, Bairro Calçada dos Mestres, Campolide"
31355235,T1 ,80, ,campolide,320000,215560211.0,https://www.idealista.pt/imovel/31355235/,"Apartamento T1 na rua do Arco do Carvalhão, 54, Bairro Calçada dos Mestres, Campolide"
31355203,T1 ,80, ,campolide,320000,215560211.0,https://www.idealista.pt/imovel/31355203/,"Apartamento T1 na rua do Arco do Carvalhão, 54, Bairro Calçada dos Mestres, Campolide"
31353115,T5 ,380,,campolide,1400000,215552931.0,https://www.idealista.pt/imovel/31353115/,"Apartamento T5 na rua de Campolide, s/n, Praça de Espanha - Sete Rios, Campolide"
31352765,T2 ,69,,campolide,195000,215553628.0,https://www.idealista.pt/imovel/31352765/,"Apartamento T2 em Centro - Nova Campolide, Campolide"
31352394,T1 ,40,3º andar ,campolide,210000,215554862.0,https://www.idealista.pt/imovel/31352394/,"Apartamento T1 na rua Vítor Bastos, 17, Centro - Nova Campolide, Campolide"
31350861,T3 ,167,,campolide,850000,265562763.0,https://www.idealista.pt/imovel/31350861/,"Apartamento T3 em Centro - Nova Campolide, Campolide"
31349690,T3 ,281,2º andar ,campolide,990000,215568914.0,https://www.idealista.pt/imovel/31349690/,"Duplex na rua de Campolide, Centro - Nova Campolide, Campolide"
31346942,T2 ,75,1º andar ,campolide,299000,966049620.0,https://www.idealista.pt/imovel/31346942/,"Apartamento T2 na rua General Taborda, 4, Centro - Nova Campolide, Campolide"
31346830,T2 ,131,1º andar ,campolide,449000,215555342.0,https://www.idealista.pt/imovel/31346830/,"Apartamento T2 na rua Vieira Lusitano, Centro - Nova Campolide, Campolide"
30162667,T2 ,100,9º andar ,campolide,600000,215550283.0,https://www.idealista.pt/imovel/30162667/,"Apartamento T2 em Centro - Nova Campolide, Campolide"
31342898,T2 ,127, ,campolide,320000,215563791.0,https://www.idealista.pt/imovel/31342898/,"Apartamento T2 em Praça de Espanha - Sete Rios, Campolide"
31341281,T3 ,112,,campolide,211000,215550562.0,https://www.idealista.pt/imovel/31341281/,"Apartamento T3 em Bairro Calçada dos Mestres, Campolide"
31340681,T4 ,233,,campolide,1200000,215552673.0,https://www.idealista.pt/imovel/31340681/,"Apartamento T4 na rua Marquês de Fronteira, s/n, Centro - Nova Campolide, Campolide"
31340307,T1 ,50, ,campolide,165000,215554157.0,https://www.idealista.pt/imovel/31340307/,"Apartamento T1 em Centro - Nova Campolide, Campolide"
31338430,T2 ,65,,campolide,350000,215552816.0,https://www.idealista.pt/imovel/31338430/,"Apartamento T2 em Praça de Espanha - Sete Rios, Campolide"
31338428,T2 ,65,,campolide,375000,215552816.0,https://www.idealista.pt/imovel/31338428/,"Apartamento T2 em Praça de Espanha - Sete Rios, Campolide"
31333432,T2 ,67,1º andar ,campolide,250000,265561912.0,https://www.idealista.pt/imovel/31333432/,"Apartamento T2 em Centro - Nova Campolide, Campolide"
31333382,T3 ,115,3º andar ,campolide,360000,215558315.0,https://www.idealista.pt/imovel/31333382/,"Apartamento T3, Arco do Cavalhão, Bairro Calçada dos Mestres, Campolide"
31332779,T1 ,25,,campolide,145000,215552945.0,https://www.idealista.pt/imovel/31332779/,"Apartamento T1 em Praça de Espanha - Sete Rios, Campolide"
31329050,T2 ,84,,campolide,450000,215552798.0,https://www.idealista.pt/imovel/31329050/,"Apartamento T2 em Centro - Nova Campolide, Campolide"
31325223,T5 ,418,,campolide,950000,215559273.0,https://www.idealista.pt/imovel/31325223/,"Moradia independente em Centro - Nova Campolide, Campolide"
31323026,T1 ,77, ,campolide,500000,215561863.0,https://www.idealista.pt/imovel/31323026/,"Apartamento T1 em Centro - Nova Campolide, Campolide"
31321059,T3 ,98,Rés do chão ,campolide,211000,215561028.0,https://www.idealista.pt/imovel/31321059/,"Apartamento T3 em Bairro da Serafina - Bairro da Liberdade, Campolide"
31316861,T1 ,30,Rés do chão ,campolide,169000,215568914.0,https://www.idealista.pt/imovel/31316861/,"Apartamento T1 na rua Soares dos Reis, Centro - Nova Campolide, Campolide"
31315252,T2 ,115,,campolide,215000,215558917.0,https://www.idealista.pt/imovel/31315252/,"Apartamento T2 em Centro - Nova Campolide, Campolide"
29333295,T1 ,68,,campolide,320000,215553057.0,https://www.idealista.pt/imovel/29333295/,"Apartamento T1 em Bairro Calçada dos Mestres, Campolide"
31309672,T3 ,105,,campolide,775000,964157801.0,https://www.idealista.pt/imovel/31309672/,"Moradia independente, Calçada dos Mestres, 7, Bairro Calçada dos Mestres, Campolide"
31305872,T3 ,120,,campolide,320000,215552783.0,https://www.idealista.pt/imovel/31305872/,"Apartamento T3 na rua de Campolide, s/n, Praça de Espanha - Sete Rios, Campolide"
31302063,T1 ,34,,campolide,192500,215562074.0,https://www.idealista.pt/imovel/31302063/,"Apartamento T1 em Centro - Nova Campolide, Campolide"
31301635,T4 ,143,,campolide,350000,215552738.0,https://www.idealista.pt/imovel/31301635/,"Moradia na rua Francisco de Assis Rodrigues, s/n, Centro - Nova Campolide, Campolide"
31292885,T2 ,130,,campolide,449000,215569187.0,https://www.idealista.pt/imovel/31292885/,"Apartamento T2 em Centro - Nova Campolide, Campolide"
31298736,T9 ,530,,campolide,4500000,215552748.0,https://www.idealista.pt/imovel/31298736/,"Moradia geminada em Centro - Nova Campolide, Campolide"
31298491,T2 ,75, ,campolide,170000,215569402.0,https://www.idealista.pt/imovel/31298491/,"Apartamento T2, Calçada dos Sete Moinhos, 67, Bairro Calçada dos Mestres, Campolide"
31297184,T3 ,150,3º andar ,campolide,479000,215555921.0,https://www.idealista.pt/imovel/31297184/,"Apartamento T3, Calçada da Quintinha,, Bairro Calçada dos Mestres, Campolide"
31296245,T2 ,93,,campolide,370000,215552673.0,https://www.idealista.pt/imovel/31296245/,"Apartamento T2 na avenida Columbano Bordalo Pinheiro, s/n, Praça de Espanha - Sete Rios, Campolide"
31296067,T2 ,83,3º andar ,campolide,270000,210205244.0,https://www.idealista.pt/imovel/31296067/,"Apartamento T2, Calçada dos Sete Moinhos, s/n, Bairro Calçada dos Mestres, Campolide"
31294333,T2 ,72, ,campolide,265000,210062191.0,https://www.idealista.pt/imovel/31294333/,"Apartamento T2 em Centro - Nova Campolide, Campolide"
31293805,T2 ,69,2º andar ,campolide,209000,215555738.0,https://www.idealista.pt/imovel/31293805/,"Apartamento T2 em Centro - Nova Campolide, Campolide"
31290642,T5 ,221,4º andar ,campolide,1445000,210020965.0,https://www.idealista.pt/imovel/31290642/,"Apartamento T5 em Centro - Nova Campolide, Campolide"
31283889,T1 ,51,Rés do chão ,campolide,210000,215565027.0,https://www.idealista.pt/imovel/31283889/,"Apartamento T1 em Centro - Nova Campolide, Campolide"
31283001,T8 ,221,3º andar ,campolide,1195000,210020965.0,https://www.idealista.pt/imovel/31283001/,"Apartamento T8 em Centro - Nova Campolide, Campolide"
31282141,T2 ,65, ,campolide,275000,215550726.0,https://www.idealista.pt/imovel/31282141/,"Apartamento T2 em Centro - Nova Campolide, Campolide"
31280474,T2 ,101, ,campolide,870000,215561863.0,https://www.idealista.pt/imovel/31280474/,"Apartamento T2 em Centro - Nova Campolide, Campolide"
30489977,T2 ,131,,campolide,350000,215552941.0,https://www.idealista.pt/imovel/30489977/,"Apartamento T2 em Centro - Nova Campolide, Campolide"
31275358,T2 ,125,13º andar ,campolide,795000,215552748.0,https://www.idealista.pt/imovel/31275358/,"Apartamento T2 em Centro - Nova Campolide, Campolide"
31274699,T1 ,98,9º andar ,campolide,435000,215556408.0,https://www.idealista.pt/imovel/31274699/,"Apartamento T1 na rua Professor Sousa da Câmara, Centro - Nova Campolide, Campolide"
31270968,T1 ,44,2º andar ,campolide,185000,215569168.0,https://www.idealista.pt/imovel/31270968/,"Apartamento T1 em Bairro Calçada dos Mestres, Campolide"
31270951,T2 ,100,3º andar ,campolide,326500,215569168.0,https://www.idealista.pt/imovel/31270951/,"Apartamento T2 em Centro - Nova Campolide, Campolide"
31269612,T3 ,150, ,campolide,479000,215565017.0,https://www.idealista.pt/imovel/31269612/,"Apartamento T3, Calçada da Quintinha, 71, Bairro Calçada dos Mestres, Campolide"
30578514,T3 ,131,3º andar ,campolide,590000,215567338.0,https://www.idealista.pt/imovel/30578514/,"Apartamento T3 em Centro - Nova Campolide, Campolide"
31267099,T5 ,182,,campolide,390000,215565736.0,https://www.idealista.pt/imovel/31267099/,"Moradia independente em Centro - Nova Campolide, Campolide"
31261012,T3 ,100,3º andar ,campolide,375000,913096124.0,https://www.idealista.pt/imovel/31261012/,"Apartamento T3 na rua Conde Nova Goa, 7, Centro - Nova Campolide, Campolide"
31260156,T3 ,140,1º andar ,campolide,550000,210062154.0,https://www.idealista.pt/imovel/31260156/,"Apartamento T3 em Centro - Nova Campolide, Campolide"
31259277,T2 ,61,Rés do chão ,campolide,293000,918378317.0,https://www.idealista.pt/imovel/31259277/,"Apartamento T2 em Bairro Calçada dos Mestres, Campolide"
31240373,T3 ,153,5º andar ,campolide,690000,927585385.0,https://www.idealista.pt/imovel/31240373/,"Apartamento T3 na rua de Campolide, 370, Praça de Espanha - Sete Rios, Campolide"
31249128,T3 ,70,,campolide,250000,215552783.0,https://www.idealista.pt/imovel/31249128/,"Apartamento T3 na rua de Campolide, s/n, Praça de Espanha - Sete Rios, Campolide"
31248715,T1 ,68,,campolide,200000,215559017.0,https://www.idealista.pt/imovel/31248715/,"Moradia independente em Centro - Nova Campolide, Campolide"
31248115,T3 ,70,3º andar ,campolide,250000,215555149.0,https://www.idealista.pt/imovel/31248115/,"Apartamento T3 na rua de campolide, Praça de Espanha - Sete Rios, Campolide"
31248112,T3 ,140,1º andar ,campolide,550000,215567291.0,https://www.idealista.pt/imovel/31248112/,"Apartamento T3 em Praça de Espanha - Sete Rios, Campolide"
31230969,T2 ,126,10º andar ,campolide,528000,215561149.0,https://www.idealista.pt/imovel/31230969/,"Apartamento T2 em Centro - Nova Campolide, Campolide"
31230116,T5 ,380, ,campolide,1400000,215564178.0,https://www.idealista.pt/imovel/31230116/,"Apartamento T5 em Praça de Espanha - Sete Rios, Campolide"
31229438,T4 ,148,3º andar ,campolide,680000,210020965.0,https://www.idealista.pt/imovel/31229438/,"Apartamento T4 em Centro - Nova Campolide, Campolide"
31225789,T1 ,78,9º andar ,campolide,450000,239320374.0,https://www.idealista.pt/imovel/31225789/,"Apartamento T1 em Praça de Espanha - Sete Rios, Campolide"
31228555,T2 ,80,2º andar ,campolide,275000,,https://www.idealista.pt/imovel/31228555/,"Apartamento T2 na rua Francisco de Assis Rodrigues, 25, Centro - Nova Campolide, Campolide"
31222245,T5 ,127,2º andar ,campolide,525000,215568912.0,https://www.idealista.pt/imovel/31222245/,"Apartamento T5 em Centro - Nova Campolide, Campolide"
31221353,T5 ,200,,campolide,635000,,https://www.idealista.pt/imovel/31221353/,"Moradia geminada na rua 11, 16, Bairro Calçada dos Mestres, Campolide"
31219604,T3 ,160, ,campolide,1200000,215550932.0,https://www.idealista.pt/imovel/31219604/,"Apartamento T3 em Centro - Nova Campolide, Campolide"
31219041,T2 ,75,1º andar ,campolide,350000,215556295.0,https://www.idealista.pt/imovel/31219041/,"Apartamento T2 em Centro - Nova Campolide, Campolide"
31217659,T2 ,117,4º andar ,campolide,490000,215565359.0,https://www.idealista.pt/imovel/31217659/,"Apartamento T2 em Centro - Nova Campolide, Campolide"
31217590,T4 ,206,,campolide,1050000,215552758.0,https://www.idealista.pt/imovel/31217590/,"Apartamento T4 na rua de Campolide, s/n, Centro - Nova Campolide, Campolide"
31215540,T2 ,115, ,campolide,449900,239324269.0,https://www.idealista.pt/imovel/31215540/,"Apartamento T2 na rua de Campolide, 351, Praça de Espanha - Sete Rios, Campolide"
31215245,T2 ,78,1º andar ,campolide,419000,215562617.0,https://www.idealista.pt/imovel/31215245/,"Apartamento T2 na rua de Campolide, 51, Centro - Nova Campolide, Campolide"
31212635,T3 ,160, ,campolide,950000,215550932.0,https://www.idealista.pt/imovel/31212635/,"Apartamento T3 em Centro - Nova Campolide, Campolide"
31212272,T3 ,218, ,campolide,695000,215563725.0,https://www.idealista.pt/imovel/31212272/,"Apartamento T3 em Praça de Espanha - Sete Rios, Campolide"
30267184,T2 ,73, ,campolide,315000,215563791.0,https://www.idealista.pt/imovel/30267184/,"Apartamento T2 em Centro - Nova Campolide, Campolide"
31204015,T1 ,63,4º andar ,campolide,525000,215566291.0,https://www.idealista.pt/imovel/31204015/,"Apartamento T1 na avenida aviador placido de abreu, Centro - Nova Campolide, Campolide"
31203994,T1 ,65,4º andar ,campolide,525000,215566291.0,https://www.idealista.pt/imovel/31203994/,"Apartamento T1 na avenida aviador placido de abreu, Centro - Nova Campolide, Campolide"
31203993,T1 ,67,3º andar ,campolide,530000,215566291.0,https://www.idealista.pt/imovel/31203993/,"Apartamento T1 na avenida aviador placido de abreu, Centro - Nova Campolide, Campolide"
31204008,T1 ,63,3º andar ,campolide,520000,215566291.0,https://www.idealista.pt/imovel/31204008/,"Apartamento T1 na avenida aviador placido abreu, Centro - Nova Campolide, Campolide"
31204007,T1 ,65,3º andar ,campolide,520000,215566291.0,https://www.idealista.pt/imovel/31204007/,"Apartamento T1 na avenida aviador placido abreu, Centro - Nova Campolide, Campolide"
31203991,T1 ,65,3º andar ,campolide,475000,215566291.0,https://www.idealista.pt/imovel/31203991/,"Apartamento T1 na rua Aviador Plácido de Abreu, Centro - Nova Campolide, Campolide"
31203989,T1 ,67,2º andar ,campolide,510000,215566291.0,https://www.idealista.pt/imovel/31203989/,"Apartamento T1 na rua Aviador Plácido de Abreu, Centro - Nova Campolide, Campolide"
31199651,T3 ,130, ,campolide,990000,215553016.0,https://www.idealista.pt/imovel/31199651/,"Apartamento T3 em Centro - Nova Campolide, Campolide"
31198105,T2 ,173,8º andar ,campolide,680000,215553078.0,https://www.idealista.pt/imovel/31198105/,"Apartamento T2 em Praça de Espanha - Sete Rios, Campolide"
31196303,T5 ,152,,campolide,335000,210053120.0,https://www.idealista.pt/imovel/31196303/,"Moradia independente na rua do aqueduto das águas livres, 25, Bairro da Serafina - Bairro da Liberdade, Campolide"
31195800,T2 ,105,2º andar ,campolide,750000,215566291.0,https://www.idealista.pt/imovel/31195800/,"Apartamento T2 na rua Aviador Plácido de Abreu, Centro - Nova Campolide, Campolide"
31190832,T2 ,86,2º andar ,campolide,270000,215554935.0,https://www.idealista.pt/imovel/31190832/,"Apartamento T2 em Centro - Nova Campolide, Campolide"
31187330,T2 ,58, ,campolide,299000,215553057.0,https://www.idealista.pt/imovel/31187330/,"Apartamento T2 em Bairro Calçada dos Mestres, Campolide"
31175526,T2 ,69,2º andar ,campolide,270000,215556715.0,https://www.idealista.pt/imovel/31175526/,"Apartamento T2 em Centro - Nova Campolide, Campolide"
31185248,T1 ,74,3º andar ,campolide,320000,210053120.0,https://www.idealista.pt/imovel/31185248/,"Apartamento T1 na rua de Campolide, Centro - Nova Campolide, Campolide"
31178596,T1 ,80,,campolide,320000,215554928.0,https://www.idealista.pt/imovel/31178596/,"Apartamento T1 em Bairro Calçada dos Mestres, Campolide"
31175274,T2 ,67,,campolide,255000,215563194.0,https://www.idealista.pt/imovel/31175274/,"Apartamento T2 na rua Arco do Carvalhão, s/n, Centro - Nova Campolide, Campolide"
31174875,T3 ,140,3º andar ,campolide,990000,215568914.0,https://www.idealista.pt/imovel/31174875/,"Apartamento T3 na avenida Conselheiro Fernando de Sousa, Centro - Nova Campolide, Campolide"
31170683,T2 ,89,Rés do chão ,campolide,249000,215552738.0,https://www.idealista.pt/imovel/31170683/,"Apartamento T2 na rua General Taborda, Centro - Nova Campolide, Campolide"
31169997,T3 ,159,,campolide,550000,210020965.0,https://www.idealista.pt/imovel/31169997/,"Apartamento T3 em Centro - Nova Campolide, Campolide"
31162956,T4 ,385,,campolide,1298000,215562068.0,https://www.idealista.pt/imovel/31162956/,"Apartamento T4 em Centro - Nova Campolide, Campolide"
31143152,T3 ,64,,campolide,390000,215561029.0,https://www.idealista.pt/imovel/31143152/,"Moradia em Bairro da Serafina - Bairro da Liberdade, Campolide"
31136769,T2 ,94,,campolide,275000,215552805.0,https://www.idealista.pt/imovel/31136769/,"Apartamento T2 na rua Conde Antas, s/n, Centro - Nova Campolide, Campolide"
31127526,T1 ,65,3º andar ,campolide,289900,215554398.0,https://www.idealista.pt/imovel/31127526/,"Apartamento T1 em Centro - Nova Campolide, Campolide"
31126604,T2 ,82,2º andar ,campolide,320000,215553078.0,https://www.idealista.pt/imovel/31126604/,"Apartamento T2 em Centro - Nova Campolide, Campolide"
31124584,T2 ,77,1º andar ,campolide,340000,215561846.0,https://www.idealista.pt/imovel/31124584/,"Apartamento T2 em Praça de Espanha - Sete Rios, Campolide"
31122482,T1 ,65,Rés do chão ,campolide,150000,215553058.0,https://www.idealista.pt/imovel/31122482/,"Apartamento T1, Calçada da Quintinha, 97, Bairro Calçada dos Mestres, Campolide"
31121843,T4 ,199,11º andar ,campolide,1450000,215568471.0,https://www.idealista.pt/imovel/31121843/,"Apartamento T4 em Bairro Calçada dos Mestres, Campolide"
31121215,T2 ,122,10º andar ,campolide,595000,215550794.0,https://www.idealista.pt/imovel/31121215/,"Apartamento T2 em Centro - Nova Campolide, Campolide"
31115276,T2 ,65,,campolide,293000,215554398.0,https://www.idealista.pt/imovel/31115276/,"Apartamento T2 em Centro - Nova Campolide, Campolide"
31110987,T1 ,108,1º andar ,campolide,655000,210020965.0,https://www.idealista.pt/imovel/31110987/,"Apartamento T1 em Centro - Nova Campolide, Campolide"
29929517,T1 ,77,1º andar ,campolide,500000,210020965.0,https://www.idealista.pt/imovel/29929517/,"Apartamento T1 em Centro - Nova Campolide, Campolide"
29929499,T2 ,107,1º andar ,campolide,735000,210020965.0,https://www.idealista.pt/imovel/29929499/,"Apartamento T2 em Centro - Nova Campolide, Campolide"
29929498,T2 ,117,1º andar ,campolide,775000,210020965.0,https://www.idealista.pt/imovel/29929498/,"Apartamento T2 em Centro - Nova Campolide, Campolide"
31102205,T2 ,84, ,campolide,190000,215550978.0,https://www.idealista.pt/imovel/31102205/,"Duplex em Bairro Calçada dos Mestres, Campolide"
31102210,T1 ,42, ,campolide,175000,215550978.0,https://www.idealista.pt/imovel/31102210/,"Apartamento T1 em Bairro Calçada dos Mestres, Campolide"
31102204,T1 ,56, ,campolide,175000,215550978.0,https://www.idealista.pt/imovel/31102204/,"Apartamento T1 em Bairro Calçada dos Mestres, Campolide"
31083816,T2 ,105,3º andar ,campolide,326500,215556715.0,https://www.idealista.pt/imovel/31083816/,"Apartamento T2 em Centro - Nova Campolide, Campolide"
31086184,T2 ,70,2º andar ,campolide,340000,969345762.0,https://www.idealista.pt/imovel/31086184/,"Apartamento T2, Calçada dos Mestres, 1, Centro - Nova Campolide, Campolide"
31083284,T3 ,152,,campolide,538000,215561507.0,https://www.idealista.pt/imovel/31083284/,"Apartamento T3 em Centro - Nova Campolide, Campolide"
31079582,T2 ,100,1º andar ,campolide,715000,215565359.0,https://www.idealista.pt/imovel/31079582/,"Apartamento T2 em Centro - Nova Campolide, Campolide"
31079581,T2 ,135,1º andar ,campolide,875000,215565359.0,https://www.idealista.pt/imovel/31079581/,"Apartamento T2 em Centro - Nova Campolide, Campolide"
31079429,T5 ,274,4º andar ,campolide,1800000,215565359.0,https://www.idealista.pt/imovel/31079429/,"Apartamento T5 em Centro - Nova Campolide, Campolide"
29592488,T5 ,342,7º andar ,campolide,2550000,215563064.0,https://www.idealista.pt/imovel/29592488/,"Apartamento T5 em Centro - Nova Campolide, Campolide"
29535712,T5 ,342,9º andar ,campolide,2690000,215563064.0,https://www.idealista.pt/imovel/29535712/,"Apartamento T5 em Centro - Nova Campolide, Campolide"
31039992,T3 ,195,12º andar ,campolide,795000,215550732.0,https://www.idealista.pt/imovel/31039992/,"Apartamento T3 na rua de Campolide, Praça de Espanha - Sete Rios, Campolide"
31039455,T4 ,120,3º andar ,campolide,330000,210054103.0,https://www.idealista.pt/imovel/31039455/,"Apartamento T4 em Centro - Nova Campolide, Campolide"
31036561,T3 ,215,2º andar ,campolide,990000,215565359.0,https://www.idealista.pt/imovel/31036561/,"Apartamento T3 em Centro - Nova Campolide, Campolide"
31033338,T3 ,279,2º andar ,campolide,990000,215550144.0,https://www.idealista.pt/imovel/31033338/,"Apartamento T3 em Centro - Nova Campolide, Campolide"
31027675,T1 ,44,,campolide,185000,265563841.0,https://www.idealista.pt/imovel/31027675/,"Apartamento T1 em Centro - Nova Campolide, Campolide"
31024456,T4 ,103,,campolide,460000,215558917.0,https://www.idealista.pt/imovel/31024456/,"Apartamento T4 em Bairro Calçada dos Mestres, Campolide"
31017309,T2 ,138,Rés do chão ,campolide,960000,291290214.0,https://www.idealista.pt/imovel/31017309/,"Apartamento T2 na rua de Campolide, Centro - Nova Campolide, Campolide"
31013192,T2 ,61,,campolide,170000,215552764.0,https://www.idealista.pt/imovel/31013192/,"Apartamento T2 em Centro - Nova Campolide, Campolide"
31012975,T3 ,74, ,campolide,350000,215568461.0,https://www.idealista.pt/imovel/31012975/,"Apartamento T3 em Centro - Nova Campolide, Campolide"
31008559,T2 ,120,4º andar ,campolide,665000,215557906.0,https://www.idealista.pt/imovel/31008559/,"Apartamento T2 em Praça de Espanha - Sete Rios, Campolide"
31008493,T2 ,120,1º andar ,campolide,635000,215557906.0,https://www.idealista.pt/imovel/31008493/,"Apartamento T2 em Praça de Espanha - Sete Rios, Campolide"
31008541,T2 ,120,3º andar ,campolide,655000,215557906.0,https://www.idealista.pt/imovel/31008541/,"Apartamento T2 em Praça de Espanha - Sete Rios, Campolide"
31008485,T1 ,27,Rés do chão ,campolide,189000,215564392.0,https://www.idealista.pt/imovel/31008485/,"Apartamento T1 em Centro - Nova Campolide, Campolide"
31008289,T5 ,280,,campolide,670000,215552934.0,https://www.idealista.pt/imovel/31008289/,"Apartamento T5 em Centro - Nova Campolide, Campolide"
30996040,T3 ,123, ,campolide,369900,215565713.0,https://www.idealista.pt/imovel/30996040/,"Duplex em Centro - Nova Campolide, Campolide"
30990841,T3 ,74,1º andar ,campolide,350000,215554029.0,https://www.idealista.pt/imovel/30990841/,"Apartamento T3 em Centro - Nova Campolide, Campolide"
30988509,T1 ,84,6º andar ,campolide,435000,215551306.0,https://www.idealista.pt/imovel/30988509/,"Apartamento T1 em Praça de Espanha - Sete Rios, Campolide"
30973799,T2 ,106,10º andar ,campolide,535000,215557048.0,https://www.idealista.pt/imovel/30973799/,"Apartamento T2 em Centro - Nova Campolide, Campolide"
30956248,T3 ,189,11º andar ,campolide,1350000,215563064.0,https://www.idealista.pt/imovel/30956248/,"Apartamento T3 em Centro - Nova Campolide, Campolide"
30971115,T5 ,306,,campolide,800000,265565487.0,https://www.idealista.pt/imovel/30971115/,"Moradia geminada na rua particular, Bairro Calçada dos Mestres, Campolide"
30969744,T5 ,380, ,campolide,1400000,215569074.0,https://www.idealista.pt/imovel/30969744/,"Apartamento T5 em Praça de Espanha - Sete Rios, Campolide"
30969479,T3 ,195,12º andar ,campolide,795000,215564952.0,https://www.idealista.pt/imovel/30969479/,"Apartamento T3 em Praça de Espanha - Sete Rios, Campolide"
29898160,T2 ,106,,campolide,715000,215553057.0,https://www.idealista.pt/imovel/29898160/,"Apartamento T2 em Centro - Nova Campolide, Campolide"
30932923,T3 ,94, ,campolide,189000,215565017.0,https://www.idealista.pt/imovel/30932923/,"Apartamento T3 em Bairro da Serafina - Bairro da Liberdade, Campolide"
30955046,T3 ,218,10º andar ,campolide,670000,215565359.0,https://www.idealista.pt/imovel/30955046/,"Apartamento T3 em Praça de Espanha - Sete Rios, Campolide"
30952172,T1 ,85,,campolide,276300,919068343.0,https://www.idealista.pt/imovel/30952172/,"Moradia em banda na rua Dom Carlos de Mascarenhas, 32, Centro - Nova Campolide, Campolide"
30950365,T0 ,45,3º andar ,campolide,260000,234430659.0,https://www.idealista.pt/imovel/30950365/,"Apartamento T0 na rua Marquês de Fronteira, Centro - Nova Campolide, Campolide"
30938188,T2 ,92,,campolide,735000,215561507.0,https://www.idealista.pt/imovel/30938188/,"Apartamento T2 em Centro - Nova Campolide, Campolide"
30938200,T3 ,211,,campolide,1295000,215561507.0,https://www.idealista.pt/imovel/30938200/,"Apartamento T3 em Centro - Nova Campolide, Campolide"
30938141,T0 ,45,,campolide,350000,215561507.0,https://www.idealista.pt/imovel/30938141/,"Apartamento T0 em Centro - Nova Campolide, Campolide"
30938140,T1 ,67,,campolide,500000,215561507.0,https://www.idealista.pt/imovel/30938140/,"Apartamento T1 em Centro - Nova Campolide, Campolide"
30924648,T2 ,102,Rés do chão ,campolide,195000,265563298.0,https://www.idealista.pt/imovel/30924648/,"Apartamento T2 em Centro - Nova Campolide, Campolide"
30914597,T2 ,86,,campolide,780000,215554759.0,https://www.idealista.pt/imovel/30914597/,"Apartamento T2 na avenida Conselheiro Fernando de Sousa, s/n, Centro - Nova Campolide, Campolide"
30914602,T0 ,45,,campolide,350000,215554759.0,https://www.idealista.pt/imovel/30914602/,"Apartamento T0 na avenida Conselheiro Fernando de Sousa, s/n, Centro - Nova Campolide, Campolide"
30914593,T1 ,67,,campolide,510000,215554759.0,https://www.idealista.pt/imovel/30914593/,"Apartamento T1 na avenida Conselheiro Fernando de Sousa, s/n, Centro - Nova Campolide, Campolide"
30914591,T1 ,51,,campolide,440000,215554759.0,https://www.idealista.pt/imovel/30914591/,"Apartamento T1 na avenida Conselheiro Fernando de Sousa, s/n, Centro - Nova Campolide, Campolide"
30914561,T2 ,85,,campolide,695000,215554759.0,https://www.idealista.pt/imovel/30914561/,"Apartamento T2 na avenida Conselheiro Fernando de Sousa, s/n, Centro - Nova Campolide, Campolide"
30914589,T2 ,92,,campolide,700000,215554759.0,https://www.idealista.pt/imovel/30914589/,"Apartamento T2 na avenida Conselheiro Fernando de Sousa, s/n, Centro - Nova Campolide, Campolide"
30914588,T2 ,92,,campolide,715000,215554759.0,https://www.idealista.pt/imovel/30914588/,"Apartamento T2 na avenida Conselheiro Fernando de Sousa, s/n, Centro - Nova Campolide, Campolide"
30914587,T2 ,92,,campolide,700000,215554759.0,https://www.idealista.pt/imovel/30914587/,"Apartamento T2 na avenida Conselheiro Fernando de Sousa, s/n, Centro - Nova Campolide, Campolide"
30914560,T2 ,92,,campolide,700000,215554759.0,https://www.idealista.pt/imovel/30914560/,"Apartamento T2 na avenida Conselheiro Fernando de Sousa, s/n, Centro - Nova Campolide, Campolide"
30914586,T2 ,92,,campolide,715000,215554759.0,https://www.idealista.pt/imovel/30914586/,"Apartamento T2 na avenida Conselheiro Fernando de Sousa, s/n, Centro - Nova Campolide, Campolide"
30914585,T2 ,92,,campolide,700000,215554759.0,https://www.idealista.pt/imovel/30914585/,"Apartamento T2 na avenida Conselheiro Fernando de Sousa, s/n, Centro - Nova Campolide, Campolide"
30914584,T1 ,65,,campolide,500000,215554759.0,https://www.idealista.pt/imovel/30914584/,"Apartamento T1 na avenida Conselheiro Fernando de Sousa, s/n, Centro - Nova Campolide, Campolide"
30914558,T2 ,102,,campolide,745000,215554759.0,https://www.idealista.pt/imovel/30914558/,"Apartamento T2 na avenida Conselheiro Fernando de Sousa, s/n, Centro - Nova Campolide, Campolide"
30914557,T2 ,93,,campolide,735000,215554759.0,https://www.idealista.pt/imovel/30914557/,"Apartamento T2 na avenida Conselheiro Fernando de Sousa, s/n, Centro - Nova Campolide, Campolide"
30914572,T1 ,94,,campolide,655000,215554759.0,https://www.idealista.pt/imovel/30914572/,"Apartamento T1 na avenida Conselheiro Fernando de Sousa, s/n, Centro - Nova Campolide, Campolide"
30914571,T1 ,62,,campolide,500000,215554759.0,https://www.idealista.pt/imovel/30914571/,"Apartamento T1 na avenida Conselheiro Fernando de Sousa, s/n, Centro - Nova Campolide, Campolide"
30914570,T1 ,67,,campolide,500000,215554759.0,https://www.idealista.pt/imovel/30914570/,"Apartamento T1 na avenida Conselheiro Fernando de Sousa, s/n, Centro - Nova Campolide, Campolide"
30910247,T2 ,72,,campolide,701000,215551306.0,https://www.idealista.pt/imovel/30910247/,"Apartamento T2 em Centro - Nova Campolide, Campolide"
30908680,T5 ,320,22º andar ,campolide,1400000,215565359.0,https://www.idealista.pt/imovel/30908680/,"Apartamento T5 em Praça de Espanha - Sete Rios, Campolide"
30908651,T1 ,88,1º andar ,campolide,610000,215565359.0,https://www.idealista.pt/imovel/30908651/,"Apartamento T1 em Centro - Nova Campolide, Campolide"
30871254,T1 ,62,3º andar ,campolide,217500,912554115.0,https://www.idealista.pt/imovel/30871254/,"Apartamento T1 na rua General Taborda, Centro - Nova Campolide, Campolide"
30847339,T1 ,114,1º andar ,campolide,610000,215568528.0,https://www.idealista.pt/imovel/30847339/,"Apartamento T1 em Centro - Nova Campolide, Campolide"
30853924,T3 ,230,2º andar ,campolide,990000,215559179.0,https://www.idealista.pt/imovel/30853924/,"Apartamento T3 na rua de Campolide, Centro - Nova Campolide, Campolide"
30823905,T1 ,60,,campolide,150000,215554398.0,https://www.idealista.pt/imovel/30823905/,"Apartamento T1 em Centro - Nova Campolide, Campolide"
30810436,T3 ,189,11º andar ,campolide,1350000,215563064.0,https://www.idealista.pt/imovel/30810436/,"Apartamento T3 em Centro - Nova Campolide, Campolide"
30809512,T5 ,274,,campolide,1850000,215567245.0,https://www.idealista.pt/imovel/30809512/,"Apartamento T5 em Centro - Nova Campolide, Campolide"
30807633,T2 ,98,,campolide,330000,215550562.0,https://www.idealista.pt/imovel/30807633/,"Apartamento T2 em Bairro Calçada dos Mestres, Campolide"
30787731,T9 ,650,,campolide,950000,928154981.0,https://www.idealista.pt/imovel/30787731/,"Moradia independente na rua 3, 3, Bairro Calçada dos Mestres, Campolide"
30780063,T2 ,189,11º andar ,campolide,1350000,215553642.0,https://www.idealista.pt/imovel/30780063/,"Apartamento T2 em Centro - Nova Campolide, Campolide"
30776505,T3 ,205,8º andar ,campolide,1175000,215561054.0,https://www.idealista.pt/imovel/30776505/,"Penthouse em Centro - Nova Campolide, Campolide"
30756454,T2 ,106,6º andar ,campolide,850000,215553642.0,https://www.idealista.pt/imovel/30756454/,"Apartamento T2 em Centro - Nova Campolide, Campolide"
29893186,T1 ,65,3º andar ,campolide,535000,215553642.0,https://www.idealista.pt/imovel/29893186/,"Apartamento T1 em Centro - Nova Campolide, Campolide"
29893199,T3 ,132,6º andar ,campolide,1295000,215553642.0,https://www.idealista.pt/imovel/29893199/,"Apartamento T3 em Centro - Nova Campolide, Campolide"
30024686,T2 ,91,2º andar ,campolide,715000,215553642.0,https://www.idealista.pt/imovel/30024686/,"Apartamento T2 em Centro - Nova Campolide, Campolide"
30752489,T3 ,190,2º andar ,campolide,599000,215559241.0,https://www.idealista.pt/imovel/30752489/,"Apartamento T3 em Centro - Nova Campolide, Campolide"
30726604,T2 ,120,7º andar ,campolide,695000,215558964.0,https://www.idealista.pt/imovel/30726604/,"Apartamento T2 em Praça de Espanha - Sete Rios, Campolide"
30726587,T2 ,120,4º andar ,campolide,665000,215558964.0,https://www.idealista.pt/imovel/30726587/,"Apartamento T2 em Praça de Espanha - Sete Rios, Campolide"
30726585,T2 ,120,3º andar ,campolide,655000,215558964.0,https://www.idealista.pt/imovel/30726585/,"Apartamento T2 em Praça de Espanha - Sete Rios, Campolide"
30726541,T2 ,120,1º andar ,campolide,635000,215558964.0,https://www.idealista.pt/imovel/30726541/,"Apartamento T2 em Praça de Espanha - Sete Rios, Campolide"
30723632,T1 ,67,,campolide,175000,215562016.0,https://www.idealista.pt/imovel/30723632/,"Apartamento T1 em Centro - Nova Campolide, Campolide"
30722479,T1 ,78,,campolide,275000,215561964.0,https://www.idealista.pt/imovel/30722479/,"Apartamento T1 na rua de Campolide, s/n, Praça de Espanha - Sete Rios, Campolide"
30698577,T1 ,53,,campolide,275000,215554759.0,https://www.idealista.pt/imovel/30698577/,"Apartamento T1 na rua Marquês de Fronteira, Centro - Nova Campolide, Campolide"
30687116,T3 ,204,6º andar ,campolide,735000,,https://www.idealista.pt/imovel/30687116/,"Apartamento T3 na rua de Campolide, 351, Praça de Espanha - Sete Rios, Campolide"
30678844,T1 ,63,1º andar ,campolide,115000,215568914.0,https://www.idealista.pt/imovel/30678844/,"Apartamento T1 na rua Conde Antas, 66, Centro - Nova Campolide, Campolide"
30613146,T1 ,60,2º andar ,campolide,175000,215552859.0,https://www.idealista.pt/imovel/30613146/,"Apartamento T1 na rua Arco do Carvalhão, s/n, Centro - Nova Campolide, Campolide"
30610876,T2 ,65,1º andar ,campolide,237500,215564357.0,https://www.idealista.pt/imovel/30610876/,"Apartamento T2 em Bairro Calçada dos Mestres, Campolide"
30604420,T8 ,650,,campolide,900000,215557028.0,https://www.idealista.pt/imovel/30604420/,"Moradia geminada no bairro da calçada dos mestres, rua 3, Centro - Nova Campolide, Campolide"
30579606,T3 ,250,,campolide,990000,215569187.0,https://www.idealista.pt/imovel/30579606/,"Apartamento T3 em Centro - Nova Campolide, Campolide"
30561939,T1 ,68,2º andar ,campolide,175000,210054102.0,https://www.idealista.pt/imovel/30561939/,"Apartamento T1 na rua arco do carvalhão, Bairro Calçada dos Mestres, Campolide"
30543498,T1 ,85,Andar -1 ,campolide,315000,215568528.0,https://www.idealista.pt/imovel/30543498/,"Apartamento T1 em Centro - Nova Campolide, Campolide"
30525949,T2 ,113,3º andar ,campolide,266000,215553058.0,https://www.idealista.pt/imovel/30525949/,"Apartamento T2, Calçada dos Sete Moinhos, 141, Bairro Calçada dos Mestres, Campolide"
30508166,T4 ,182,,campolide,695000,215554519.0,https://www.idealista.pt/imovel/30508166/,"Apartamento T4 em Praça de Espanha - Sete Rios, Campolide"
30487891,T1 ,80,2º andar ,campolide,350000,210020965.0,https://www.idealista.pt/imovel/30487891/,"Apartamento T1 em Centro - Nova Campolide, Campolide"
30484134,T4 ,180,6º andar ,campolide,945000,215552573.0,https://www.idealista.pt/imovel/30484134/,"Apartamento T4 na avenida Miguel Torga, Centro - Nova Campolide, Campolide"
30412000,T2 ,70,,campolide,237500,215565441.0,https://www.idealista.pt/imovel/30412000/,"Apartamento T2 em Bairro Calçada dos Mestres, Campolide"
30424556,T2 ,107,,campolide,450000,215550041.0,https://www.idealista.pt/imovel/30424556/,"Apartamento T2 em Praça de Espanha - Sete Rios, Campolide"
30397924,T1 ,60,2º andar ,campolide,175000,215566158.0,https://www.idealista.pt/imovel/30397924/,"Apartamento T1, Arco Carvalhão, Bairro Calçada dos Mestres, Campolide"
30394678,T1 ,67,,campolide,175000,215550348.0,https://www.idealista.pt/imovel/30394678/,"Apartamento T1 em Bairro Calçada dos Mestres, Campolide"
30366311,T3 ,138,8º andar ,campolide,775000,215554398.0,https://www.idealista.pt/imovel/30366311/,"Apartamento T3 em Centro - Nova Campolide, Campolide"
30361561,T2 ,138,13º andar ,campolide,900000,215561863.0,https://www.idealista.pt/imovel/30361561/,"Apartamento T2 em Centro - Nova Campolide, Campolide"
30357390,T2 ,90,5º andar ,campolide,399900,215552573.0,https://www.idealista.pt/imovel/30357390/,"Apartamento T2 na rua de campolide, Praça de Espanha - Sete Rios, Campolide"
30339859,T4 ,391,,campolide,1550000,215561863.0,https://www.idealista.pt/imovel/30339859/,"Moradia em Bairro Calçada dos Mestres, Campolide"
30318568,T1 ,58,1º andar ,campolide,230000,210062191.0,https://www.idealista.pt/imovel/30318568/,"Apartamento T1 em Centro - Nova Campolide, Campolide"
30318452,T3 ,185,11º andar ,campolide,1060000,215568437.0,https://www.idealista.pt/imovel/30318452/,"Apartamento T3 em Praça de Espanha - Sete Rios, Campolide"
30310266,T5 ,320,22º andar ,campolide,1450000,215565359.0,https://www.idealista.pt/imovel/30310266/,"Apartamento T5 em Praça de Espanha - Sete Rios, Campolide"
30300295,T2 ,81,5º andar ,campolide,399900,265563721.0,https://www.idealista.pt/imovel/30300295/,"Apartamento T2 em Centro - Nova Campolide, Campolide"
30296698,T3 ,139,,campolide,980000,215563459.0,https://www.idealista.pt/imovel/30296698/,"Apartamento T3 em Centro - Nova Campolide, Campolide"
30296672,T3 ,129,,campolide,950000,215563459.0,https://www.idealista.pt/imovel/30296672/,"Apartamento T3 em Centro - Nova Campolide, Campolide"
30274705,T3 ,186,Rés do chão ,campolide,390000,215568914.0,https://www.idealista.pt/imovel/30274705/,"Apartamento T3, Calçada dos Mestres, 35, Centro - Nova Campolide, Campolide"
30247537,T2 ,40,5º andar ,campolide,399900,215568129.0,https://www.idealista.pt/imovel/30247537/,"Apartamento T2 em Centro - Nova Campolide, Campolide"
30240814,T2 ,90,5º andar ,campolide,530000,215561558.0,https://www.idealista.pt/imovel/30240814/,"Apartamento T2 em Praça de Espanha - Sete Rios, Campolide"
30220353,T2 ,73, ,campolide,320000,215553184.0,https://www.idealista.pt/imovel/30220353/,"Apartamento T2 em Centro - Nova Campolide, Campolide"
30144896,T3 ,215,2º andar ,campolide,990000,210020965.0,https://www.idealista.pt/imovel/30144896/,"Apartamento T3 em Centro - Nova Campolide, Campolide"
30129291,T2 ,90, ,campolide,530000,215553184.0,https://www.idealista.pt/imovel/30129291/,"Apartamento T2 em Praça de Espanha - Sete Rios, Campolide"
31242391,T1 ,70,4º andar ,campolide,310000,210027604.0,https://www.idealista.pt/imovel/31242391/,"Apartamento T1 em Centro - Nova Campolide, Campolide"
30110237,T2 ,80,9º andar ,campolide,435000,244410837.0,https://www.idealista.pt/imovel/30110237/,"Apartamento T2 em Praça de Espanha - Sete Rios, Campolide"
30038392,T4 ,214,7º andar ,campolide,1800000,215566457.0,https://www.idealista.pt/imovel/30038392/,"Apartamento T4 na avenida Conselheiro Fernando Sousa, 11, Centro - Nova Campolide, Campolide"
30038387,T1 ,81,1º andar ,campolide,615000,215566457.0,https://www.idealista.pt/imovel/30038387/,"Apartamento T1 na avenida Conselheiro Fernando Sousa, 11, Centro - Nova Campolide, Campolide"
30038381,T5 ,307,14º andar ,campolide,3120000,215566457.0,https://www.idealista.pt/imovel/30038381/,"Apartamento T5 na avenida Conselheiro Fernando Sousa, 11, Centro - Nova Campolide, Campolide"
30038402,T3 ,183,8º andar ,campolide,1650000,215566457.0,https://www.idealista.pt/imovel/30038402/,"Apartamento T3 na avenida Conselheiro Fernando Sousa, 11, Centro - Nova Campolide, Campolide"
30040408,T2 ,141,3º andar ,campolide,1200000,215566457.0,https://www.idealista.pt/imovel/30040408/,"Apartamento T2 na avenida Conselheiro Fernando Sousa, 11, Centro - Nova Campolide, Campolide"
30040428,T2 ,108,8º andar ,campolide,970000,215566457.0,https://www.idealista.pt/imovel/30040428/,"Apartamento T2 na avenida Conselheiro Fernando Sousa, 11, Centro - Nova Campolide, Campolide"
30040424,T2 ,108,3º andar ,campolide,855000,215566457.0,https://www.idealista.pt/imovel/30040424/,"Apartamento T2 na avenida Conselheiro Fernando Sousa, 11, Centro - Nova Campolide, Campolide"
30040440,T1 ,81,6º andar ,campolide,750000,215566457.0,https://www.idealista.pt/imovel/30040440/,"Apartamento T1 na avenida Conselheiro Fernando Sousa, 11, Centro - Nova Campolide, Campolide"
30040438,T3 ,183,10º andar ,campolide,1735000,215566457.0,https://www.idealista.pt/imovel/30040438/,"Apartamento T3 na avenida Conselheiro Fernando Sousa, 11, Centro - Nova Campolide, Campolide"
30040383,T2 ,108,2º andar ,campolide,830000,215566457.0,https://www.idealista.pt/imovel/30040383/,"Apartamento T2 na avenida Conselheiro Fernando Sousa, 11, Centro - Nova Campolide, Campolide"
30040381,T3 ,183,9º andar ,campolide,1695000,215566457.0,https://www.idealista.pt/imovel/30040381/,"Apartamento T3 na avenida Conselheiro Fernando Sousa, 11, Centro - Nova Campolide, Campolide"
30040447,T1 ,81,2º andar ,campolide,650000,215566457.0,https://www.idealista.pt/imovel/30040447/,"Apartamento T1 na avenida Conselheiro Fernando Sousa, 11, Centro - Nova Campolide, Campolide"
30040445,T1 ,77,7º andar ,campolide,775000,215566457.0,https://www.idealista.pt/imovel/30040445/,"Apartamento T1 na avenida Conselheiro Fernando Sousa, 11, Centro - Nova Campolide, Campolide"
30040395,T1 ,76,13º andar ,campolide,900000,215566457.0,https://www.idealista.pt/imovel/30040395/,"Apartamento T1 na avenida Conselheiro Fernando Sousa, 11, Centro - Nova Campolide, Campolide"
30040413,T2 ,141,6º andar ,campolide,1350000,215566457.0,https://www.idealista.pt/imovel/30040413/,"Apartamento T2 na avenida Conselheiro Fernando Sousa, 11, Centro - Nova Campolide, Campolide"
30038401,T2 ,107,1º andar ,campolide,790000,215566457.0,https://www.idealista.pt/imovel/30038401/,"Apartamento T2 na avenida Conselheiro Fernando Sousa, 11, Centro - Nova Campolide, Campolide"
30040427,T2 ,108,6º andar ,campolide,930000,215566457.0,https://www.idealista.pt/imovel/30040427/,"Apartamento T2 na avenida Conselheiro Fernando Sousa, 11, Centro - Nova Campolide, Campolide"
30040425,T2 ,108,4º andar ,campolide,880000,215566457.0,https://www.idealista.pt/imovel/30040425/,"Apartamento T2 na avenida Conselheiro Fernando Sousa, 11, Centro - Nova Campolide, Campolide"
30040433,T1 ,81,3º andar ,campolide,675000,215566457.0,https://www.idealista.pt/imovel/30040433/,"Apartamento T1 na avenida Conselheiro Fernando Sousa, 11, Centro - Nova Campolide, Campolide"
30040382,T4 ,214,12º andar ,campolide,2200000,215566457.0,https://www.idealista.pt/imovel/30040382/,"Apartamento T4 na avenida Conselheiro Fernando Sousa, 11, Centro - Nova Campolide, Campolide"
30040396,T1 ,81,4º andar ,campolide,700000,215566457.0,https://www.idealista.pt/imovel/30040396/,"Apartamento T1 na avenida Conselheiro Fernando Sousa, 11, Centro - Nova Campolide, Campolide"
30040394,T4 ,269,15º andar ,campolide,3850000,215566457.0,https://www.idealista.pt/imovel/30040394/,"Apartamento T4 na avenida Conselheiro Fernando Sousa, 11, Centro - Nova Campolide, Campolide"
30040447,T1 ,81,2º andar ,campolide,650000,215566457.0,https://www.idealista.pt/imovel/30040447/,"Apartamento T1 na avenida Conselheiro Fernando Sousa, 11, Centro - Nova Campolide, Campolide"
30040445,T1 ,77,7º andar ,campolide,775000,215566457.0,https://www.idealista.pt/imovel/30040445/,"Apartamento T1 na avenida Conselheiro Fernando Sousa, 11, Centro - Nova Campolide, Campolide"
30040395,T1 ,76,13º andar ,campolide,900000,215566457.0,https://www.idealista.pt/imovel/30040395/,"Apartamento T1 na avenida Conselheiro Fernando Sousa, 11, Centro - Nova Campolide, Campolide"
30040413,T2 ,141,6º andar ,campolide,1350000,215566457.0,https://www.idealista.pt/imovel/30040413/,"Apartamento T2 na avenida Conselheiro Fernando Sousa, 11, Centro - Nova Campolide, Campolide"
30040383,T2 ,108,2º andar ,campolide,830000,215566457.0,https://www.idealista.pt/imovel/30040383/,"Apartamento T2 na avenida Conselheiro Fernando Sousa, 11, Centro - Nova Campolide, Campolide"
30040381,T3 ,183,9º andar ,campolide,1695000,215566457.0,https://www.idealista.pt/imovel/30040381/,"Apartamento T3 na avenida Conselheiro Fernando Sousa, 11, Centro - Nova Campolide, Campolide"
30040408,T2 ,141,3º andar ,campolide,1200000,215566457.0,https://www.idealista.pt/imovel/30040408/,"Apartamento T2 na avenida Conselheiro Fernando Sousa, 11, Centro - Nova Campolide, Campolide"
30040428,T2 ,108,8º andar ,campolide,970000,215566457.0,https://www.idealista.pt/imovel/30040428/,"Apartamento T2 na avenida Conselheiro Fernando Sousa, 11, Centro - Nova Campolide, Campolide"
30040424,T2 ,108,3º andar ,campolide,855000,215566457.0,https://www.idealista.pt/imovel/30040424/,"Apartamento T2 na avenida Conselheiro Fernando Sousa, 11, Centro - Nova Campolide, Campolide"
30040440,T1 ,81,6º andar ,campolide,750000,215566457.0,https://www.idealista.pt/imovel/30040440/,"Apartamento T1 na avenida Conselheiro Fernando Sousa, 11, Centro - Nova Campolide, Campolide"
30040438,T3 ,183,10º andar ,campolide,1735000,215566457.0,https://www.idealista.pt/imovel/30040438/,"Apartamento T3 na avenida Conselheiro Fernando Sousa, 11, Centro - Nova Campolide, Campolide"
30025098,T3 ,141, ,campolide,765000,210020965.0,https://www.idealista.pt/imovel/30025098/,"Apartamento T3 em Praça de Espanha - Sete Rios, Campolide"
29848696,T3 ,92,,campolide,400000,215550348.0,https://www.idealista.pt/imovel/29848696/,"Moradia em Centro - Nova Campolide, Campolide"
29798110,T1 ,50,,campolide,200000,215568528.0,https://www.idealista.pt/imovel/29798110/,"Apartamento T1 em Bairro Calçada dos Mestres, Campolide"
29592490,T5 ,342,8º andar ,campolide,2600000,215563064.0,https://www.idealista.pt/imovel/29592490/,"Apartamento T5 em Centro - Nova Campolide, Campolide"
29529872,T3 ,232,9º andar ,campolide,1250000,215553517.0,https://www.idealista.pt/imovel/29529872/,"Apartamento T3 em Centro - Nova Campolide, Campolide"
29504807,T7 ,231,,campolide,195000,932123737.0,https://www.idealista.pt/imovel/29504807/,"Moradia em banda na rua Cotovelo, 273, Bairro da Serafina - Bairro da Liberdade, Campolide"
29460136,T2 ,30,,campolide,170000,215567264.0,https://www.idealista.pt/imovel/29460136/,"Moradia em Centro - Nova Campolide, Campolide"
29386567,T2 ,115,Rés do chão ,campolide,215000,215550627.0,https://www.idealista.pt/imovel/29386567/,"Apartamento T2 em Centro - Nova Campolide, Campolide"
29054084,T4 ,122,,campolide,449000,215552743.0,https://www.idealista.pt/imovel/29054084/,"Apartamento T4 na rua Artilharia 1, s/n, Centro - Nova Campolide, Campolide"
28395729,T3 ,150,,campolide,750000,215552783.0,https://www.idealista.pt/imovel/28395729/,"Apartamento T3, Vila Ferro, Bairro da Serafina - Bairro da Liberdade, Campolide"
27566733,T3 ,80,2º andar ,campolide,300000,962396664.0,https://www.idealista.pt/imovel/27566733/,"Apartamento T3 na rua general taborda, 82, Centro - Nova Campolide, Campolide"
