id,typology,area,floor,price,seller contact,link,title
31508143,T1 ,82,3º andar ,330000,925105141.0,https://www.idealista.pt/imovel/31508143/,"Apartamento T1 na rua Manuel da Fonseca, 4, Laranjeiras, São Domingos de Benfica"
31509096,T3 ,130,,450000,215552741.0,https://www.idealista.pt/imovel/31509096/,"Apartamento T3 em Laranjeiras, São Domingos de Benfica"
31509028,T3 ,128,,485000,215559701.0,https://www.idealista.pt/imovel/31509028/,"Apartamento T3 na rua Mateus Vicente, s/n, Alto dos Moinhos, São Domingos de Benfica"
31508706,T3 ,112, ,425000,215553058.0,https://www.idealista.pt/imovel/31508706/,"Apartamento T3 na rua Manuel Ferreira de Andrade, 12, Estrada de Benfica, São Domingos de Benfica"
31508608,T3 ,146,7º andar ,645000,215553827.0,https://www.idealista.pt/imovel/31508608/,"Apartamento T3 na rua Manuel da Fonseca, 2, Laranjeiras, São Domingos de Benfica"
31507758,T4 ,178, ,840000,215553184.0,https://www.idealista.pt/imovel/31507758/,"Apartamento T4 em Laranjeiras, São Domingos de Benfica"
31507597,T3 ,120,8º andar ,485000,215550961.0,https://www.idealista.pt/imovel/31507597/,"Apartamento T3 em Alto dos Moinhos, São Domingos de Benfica"
31507614,T5 ,150, ,480000,215561742.0,https://www.idealista.pt/imovel/31507614/,"Apartamento T5 na rua Cândido Figueiredo, s/n, Estrada de Benfica, São Domingos de Benfica"
31423422,T4 ,120,3º andar ,337500,215560835.0,https://www.idealista.pt/imovel/31423422/,"Apartamento T4 na estrada da Luz, Alto dos Moinhos, São Domingos de Benfica"
31507100,T3 ,130,3º andar ,450000,215562563.0,https://www.idealista.pt/imovel/31507100/,"Apartamento T3 na estrada da Luz, Laranjeiras, São Domingos de Benfica"
31507056,T3 ,110,3º andar ,395000,215562563.0,https://www.idealista.pt/imovel/31507056/,"Apartamento T3 na rua Dr. Mascarenhas de Melo, Estrada de Benfica, São Domingos de Benfica"
31506843,T3 ,110,,395000,215552741.0,https://www.idealista.pt/imovel/31506843/,"Apartamento T3 em Estrada de Benfica, São Domingos de Benfica"
31506331,T2 ,84,2º andar ,340000,967101889.0,https://www.idealista.pt/imovel/31506331/,"Apartamento T2, Calçada Palma de Baixo, 17, Laranjeiras, São Domingos de Benfica"
31505641,T1 ,68,2º andar ,295000,,https://www.idealista.pt/imovel/31505641/,"Apartamento T1 na rua Alfredo Guisado, 10, Estrada de Benfica, São Domingos de Benfica"
31506280,T1 ,82,Rés do chão ,165000,215569214.0,https://www.idealista.pt/imovel/31506280/,"Apartamento T1 na estrada de Benfica, Estrada de Benfica, São Domingos de Benfica"
31505581,T5 ,286,,1200000,215561475.0,https://www.idealista.pt/imovel/31505581/,"Apartamento T5 em Laranjeiras, São Domingos de Benfica"
31505384,T2 ,47,2º andar ,215000,215569267.0,https://www.idealista.pt/imovel/31505384/,"Apartamento T2 na rua Fernando Sylvan, s/n, Estrada de Benfica, São Domingos de Benfica"
31505326,T2 ,79,,420000,215552738.0,https://www.idealista.pt/imovel/31505326/,"Apartamento T2 na rua Lúcio de Azevedo, s/n, Laranjeiras, São Domingos de Benfica"
31505318,T3 ,139,,770000,215552738.0,https://www.idealista.pt/imovel/31505318/,"Apartamento T3 na rua António Alçada Baptista, s/n, Alto dos Moinhos, São Domingos de Benfica"
31505197,T4 ,104,6º andar ,365000,225558678.0,https://www.idealista.pt/imovel/31505197/,"Apartamento T4 em Estrada de Benfica, São Domingos de Benfica"
31504987,T4 ,180,10º andar ,1129000,215551298.0,https://www.idealista.pt/imovel/31504987/,"Penthouse na rua Manuel da Silva Leal, 11, Laranjeiras, São Domingos de Benfica"
29969097,T5 ,244,5º andar ,849000,215561523.0,https://www.idealista.pt/imovel/29969097/,"Apartamento T5 em Laranjeiras, São Domingos de Benfica"
31503071,T2 ,81,,305000,215554759.0,https://www.idealista.pt/imovel/31503071/,"Apartamento T2 na rua Roberto Duarte Silva, s/n, Laranjeiras, São Domingos de Benfica"
31503069,T3 ,134,,570000,215564392.0,https://www.idealista.pt/imovel/31503069/,"Apartamento T3 em Estrada de Benfica, São Domingos de Benfica"
31353046,T4 ,175,,795000,215552748.0,https://www.idealista.pt/imovel/31353046/,"Apartamento T4 em Alto dos Moinhos, São Domingos de Benfica"
31502734,T4 ,197,,920000,215561475.0,https://www.idealista.pt/imovel/31502734/,"Apartamento T4 em Laranjeiras, São Domingos de Benfica"
31501935,T4 ,242,1º andar ,750000,215558965.0,https://www.idealista.pt/imovel/31501935/,"Apartamento T4 em Laranjeiras, São Domingos de Benfica"
31501542,T4 ,178,10º andar ,840000,215561284.0,https://www.idealista.pt/imovel/31501542/,"Apartamento T4, Calçada Palma de Baixo, s/n, Laranjeiras, São Domingos de Benfica"
31500328,T2 ,70,,332000,215552945.0,https://www.idealista.pt/imovel/31500328/,"Apartamento T2 na estrada da Luz, s/n, Laranjeiras, São Domingos de Benfica"
31500027,T3 ,154, ,685000,215553058.0,https://www.idealista.pt/imovel/31500027/,"Apartamento T3 na rua Cidade de Rabat, 56, Alto dos Moinhos, São Domingos de Benfica"
31499532,T4 ,192,1º andar ,569800,215563517.0,https://www.idealista.pt/imovel/31499532/,"Apartamento T4 em Estrada de Benfica, São Domingos de Benfica"
31499397,T2 ,81,3º andar ,305000,215560971.0,https://www.idealista.pt/imovel/31499397/,"Apartamento T2 em Laranjeiras, São Domingos de Benfica"
31499109,T3 ,145,Rés do chão ,410000,215565771.0,https://www.idealista.pt/imovel/31499109/,"Apartamento T3 na estrada DE BENFICA, Estrada de Benfica, São Domingos de Benfica"
31498016,T3 ,95,,330000,215552741.0,https://www.idealista.pt/imovel/31498016/,"Apartamento T3 em Laranjeiras, São Domingos de Benfica"
31497366,T0 ,45,3º andar ,315000,215561578.0,https://www.idealista.pt/imovel/31497366/,"Apartamento T0 na rua Luciana Stegagno Picchio, Alto dos Moinhos, São Domingos de Benfica"
31496564,T3 ,138,1º andar ,368000,938583632.0,https://www.idealista.pt/imovel/31496564/,"Apartamento T3 na rua Professor Reinaldo dos Santos, Estrada de Benfica, São Domingos de Benfica"
31496838,T2 ,140,3º andar ,680000,210020965.0,https://www.idealista.pt/imovel/31496838/,"Apartamento T2 em Laranjeiras, São Domingos de Benfica"
31493860,T4 ,254,7º andar ,1300000,215565359.0,https://www.idealista.pt/imovel/31493860/,"Apartamento T4 em Laranjeiras, São Domingos de Benfica"
31494164,T1 ,68,1º andar ,279000,215558573.0,https://www.idealista.pt/imovel/31494164/,"Apartamento T1 na estrada da Luz, Laranjeiras, São Domingos de Benfica"
31494608,T4 ,204, ,630000,215550978.0,https://www.idealista.pt/imovel/31494608/,"Apartamento T4 em Alto dos Moinhos, São Domingos de Benfica"
31493848,T4 ,240,9º andar ,860000,215554928.0,https://www.idealista.pt/imovel/31493848/,"Apartamento T4 na rua Doutor Bastos Gonçalves, 1, Laranjeiras, São Domingos de Benfica"
31493467,T3 ,120,2º andar ,350000,916772636.0,https://www.idealista.pt/imovel/31493467/,"Apartamento T3 na estrada de Benfica, 377, Estrada de Benfica, São Domingos de Benfica"
31491799,T3 ,170,4º andar ,695000,244410837.0,https://www.idealista.pt/imovel/31491799/,"Apartamento T3 em Sete Rios, São Domingos de Benfica"
31491707,T2 ,111,,580000,215561475.0,https://www.idealista.pt/imovel/31491707/,"Apartamento T2 em Laranjeiras, São Domingos de Benfica"
31491252,T2 ,78,2º andar ,320000,265562872.0,https://www.idealista.pt/imovel/31491252/,"Apartamento T2 na rua Alto dos Moinhos, Alto dos Moinhos, São Domingos de Benfica"
31490636,T3 ,98,2º andar ,360000,215568914.0,https://www.idealista.pt/imovel/31490636/,"Apartamento T3 na rua São Domingos de Benfica, Estrada de Benfica, São Domingos de Benfica"
31489474,T2 ,63,2º andar ,275000,912928390.0,https://www.idealista.pt/imovel/31489474/,"Apartamento T2 em Estrada de Benfica, São Domingos de Benfica"
31489476,T2 ,98,2º andar ,320000,215554863.0,https://www.idealista.pt/imovel/31489476/,"Apartamento T2 em Estrada de Benfica, São Domingos de Benfica"
31488932,T4 ,101,12º andar ,385000,215558079.0,https://www.idealista.pt/imovel/31488932/,"Apartamento T4 em Alto dos Moinhos, São Domingos de Benfica"
31488915,T3 ,100,5º andar ,350000,215558079.0,https://www.idealista.pt/imovel/31488915/,"Apartamento T3 em Estrada de Benfica, São Domingos de Benfica"
31487718,T2 ,60,3º andar ,275000,215552836.0,https://www.idealista.pt/imovel/31487718/,"Apartamento T2 em Estrada de Benfica, São Domingos de Benfica"
31486691,T2 ,98,2º andar ,320000,215554863.0,https://www.idealista.pt/imovel/31486691/,"Apartamento T2 na rua das Furnas, Estrada de Benfica, São Domingos de Benfica"
31486395,T5 ,156,,560000,215552741.0,https://www.idealista.pt/imovel/31486395/,"Apartamento T5 em Alto dos Moinhos, São Domingos de Benfica"
31485880,T5 ,198,,295000,215551673.0,https://www.idealista.pt/imovel/31485880/,"Apartamento T5 em Estrada de Benfica, São Domingos de Benfica"
31485229,T2 ,161,8º andar ,563500,210020965.0,https://www.idealista.pt/imovel/31485229/,"Apartamento T2 em Estrada de Benfica, São Domingos de Benfica"
31480037,T3 ,88,2º andar ,330000,215550736.0,https://www.idealista.pt/imovel/31480037/,"Apartamento T3 em Estrada de Benfica, São Domingos de Benfica"
31483665,T2 ,63,,199000,265560658.0,https://www.idealista.pt/imovel/31483665/,"Apartamento T2 em Estrada de Benfica, São Domingos de Benfica"
31482489,T2 ,50,5º andar ,260000,265566052.0,https://www.idealista.pt/imovel/31482489/,"Apartamento T2 em Sete Rios, São Domingos de Benfica"
31482047,T2 ,58,2º andar ,270000,215552836.0,https://www.idealista.pt/imovel/31482047/,"Apartamento T2 em Estrada de Benfica, São Domingos de Benfica"
31481388,T3 ,150,,510000,961295559.0,https://www.idealista.pt/imovel/31481388/,"Apartamento T3 em Alto dos Moinhos, São Domingos de Benfica"
31481262,T4 ,178, ,840000,215551863.0,https://www.idealista.pt/imovel/31481262/,"Apartamento T4 em Laranjeiras, São Domingos de Benfica"
31479248,T3 ,125,8º andar ,639000,,https://www.idealista.pt/imovel/31479248/,"Apartamento T3, campo Tomás da Fonseca, 36, Laranjeiras, São Domingos de Benfica"
31479532,T2 ,74,2º andar ,295000,913794910.0,https://www.idealista.pt/imovel/31479532/,"Apartamento T2 na estrada da Luz, 118, Laranjeiras, São Domingos de Benfica"
31479648,T2 ,125,2º andar ,490000,215567449.0,https://www.idealista.pt/imovel/31479648/,"Apartamento T2 na rua Olavo d' Eça Leal, Laranjeiras, São Domingos de Benfica"
31479160,T1 ,55,4º andar ,240000,966047979.0,https://www.idealista.pt/imovel/31479160/,"Apartamento T1 na estrada das Laranjeiras, 208, Laranjeiras, São Domingos de Benfica"
31292940,T3 ,154,,550000,215554759.0,https://www.idealista.pt/imovel/31292940/,"Apartamento T3 na rua Doutor Bastos Gonçalves, s/n, Laranjeiras, São Domingos de Benfica"
31475587,T3 ,100,,399900,215567021.0,https://www.idealista.pt/imovel/31475587/,"Apartamento T3 em Alto dos Moinhos, São Domingos de Benfica"
31470805,T1 ,64,3º andar ,275000,,https://www.idealista.pt/imovel/31470805/,"Apartamento T1 na rua Melvin Jones, 2, Laranjeiras, São Domingos de Benfica"
31471673,T3 ,169,,585000,215561574.0,https://www.idealista.pt/imovel/31471673/,"Apartamento T3 na rua João de Freitas Branco, s/n, Alto dos Moinhos, São Domingos de Benfica"
31471090,T1 ,48,6º andar ,311000,215554928.0,https://www.idealista.pt/imovel/31471090/,"Apartamento T1 na rua Luciana Stegagno Picchio, Alto dos Moinhos, São Domingos de Benfica"
30993016,T3 ,137,3º andar ,538000,215558079.0,https://www.idealista.pt/imovel/30993016/,"Apartamento T3 em Laranjeiras, São Domingos de Benfica"
31468988,T2 ,101,3º andar ,325000,265562061.0,https://www.idealista.pt/imovel/31468988/,"Apartamento T2 em Laranjeiras, São Domingos de Benfica"
31467809,T1 ,60,Sub cave ,250000,916262379.0,https://www.idealista.pt/imovel/31467809/,"Apartamento T1 na rua António Feijó, 52, Estrada de Benfica, São Domingos de Benfica"
31455123,T3 ,140,3º andar ,595000,968831111.0,https://www.idealista.pt/imovel/31455123/,"Apartamento T3 na rua João de Freitas Branco, 27, Alto dos Moinhos, São Domingos de Benfica"
31463261,T2 ,67,2º andar ,321000,968577637.0,https://www.idealista.pt/imovel/31463261/,"Apartamento T2 na rua São Domingos de Benfica, Estrada de Benfica, São Domingos de Benfica"
31451379,T3 ,219, ,1598700,215566291.0,https://www.idealista.pt/imovel/31451379/,"Apartamento T3 em Alto dos Moinhos, São Domingos de Benfica"
31457058,T2 ,86,3º andar ,240000,936656550.0,https://www.idealista.pt/imovel/31457058/,"Apartamento T2 na rua das Furnas, 18, Estrada de Benfica, São Domingos de Benfica"
31454325,T3 ,108,3º andar ,380000,265563607.0,https://www.idealista.pt/imovel/31454325/,"Apartamento T3 em Sete Rios, São Domingos de Benfica"
31451358,T4 ,256, ,1875900,215566291.0,https://www.idealista.pt/imovel/31451358/,"Apartamento T4 em Alto dos Moinhos, São Domingos de Benfica"
31449099,T2 ,86,3º andar ,299900,215551936.0,https://www.idealista.pt/imovel/31449099/,"Apartamento T2 em Estrada de Benfica, São Domingos de Benfica"
30794557,T1 ,50, ,250000,215562293.0,https://www.idealista.pt/imovel/30794557/,"Apartamento T1 em Laranjeiras, São Domingos de Benfica"
31448462,T2 ,102,7º andar ,365000,215569702.0,https://www.idealista.pt/imovel/31448462/,"Apartamento T2 na rua dos Soeiros, 311, Alto dos Moinhos, São Domingos de Benfica"
31448311,T2 ,130,4º andar ,956100,215566291.0,https://www.idealista.pt/imovel/31448311/,"Apartamento T2 em Estrada de Benfica, São Domingos de Benfica"
31448309,T2 ,130,5º andar ,956100,215566291.0,https://www.idealista.pt/imovel/31448309/,"Apartamento T2 em Estrada de Benfica, São Domingos de Benfica"
31448319,T2 ,130,6º andar ,956100,215566291.0,https://www.idealista.pt/imovel/31448319/,"Apartamento T2 em Estrada de Benfica, São Domingos de Benfica"
31448307,T2 ,130,7º andar ,956100,215566291.0,https://www.idealista.pt/imovel/31448307/,"Apartamento T2 em Estrada de Benfica, São Domingos de Benfica"
31448316,T2 ,130,2º andar ,956100,215566291.0,https://www.idealista.pt/imovel/31448316/,"Apartamento T2 em Estrada de Benfica, São Domingos de Benfica"
31447767,T2 ,68,3º andar ,295000,917949842.0,https://www.idealista.pt/imovel/31447767/,"Apartamento T2 em Estrada de Benfica, São Domingos de Benfica"
31447601,T4 ,223, ,1200000,215567318.0,https://www.idealista.pt/imovel/31447601/,"Apartamento T4 em Alto dos Moinhos, São Domingos de Benfica"
31444805,T3 ,160,11º andar ,665000,215552845.0,https://www.idealista.pt/imovel/31444805/,"Apartamento T3 na rua Conde Almoster, Estrada de Benfica, São Domingos de Benfica"
31443874,T3 ,119,3º andar ,365000,215565428.0,https://www.idealista.pt/imovel/31443874/,"Duplex no largo Monsenhor Dalgado, Estrada de Benfica, São Domingos de Benfica"
29730959,T3 ,150,,476000,966694503.0,https://www.idealista.pt/imovel/29730959/,"Moradia em banda no largo São Domingos de Benfica, 1, Estrada de Benfica, São Domingos de Benfica"
31443291,T4 ,171,3º andar ,495000,215568914.0,https://www.idealista.pt/imovel/31443291/,"Apartamento T4 na rua Professor Reinaldo dos Santos, Alto dos Moinhos, São Domingos de Benfica"
31442005,T2 ,81,Rés do chão ,340000,918575650.0,https://www.idealista.pt/imovel/31442005/,"Apartamento T2, Calçada Palma de Baixo, 15, Laranjeiras, São Domingos de Benfica"
31440506,T3 ,112,,389000,215552816.0,https://www.idealista.pt/imovel/31440506/,"Apartamento T3 em Sete Rios, São Domingos de Benfica"
31439424,T2 ,158,7º andar ,1159800,215566291.0,https://www.idealista.pt/imovel/31439424/,"Apartamento T2 na rua Professor Reinaldo dos Santos, Estrada de Benfica, São Domingos de Benfica"
31439427,T2 ,158,6º andar ,1159800,215566291.0,https://www.idealista.pt/imovel/31439427/,"Apartamento T2 na rua Professor Reinaldo dos Santos, Estrada de Benfica, São Domingos de Benfica"
31439421,T2 ,158,5º andar ,1159800,215566291.0,https://www.idealista.pt/imovel/31439421/,"Apartamento T2 na rua Professor Reinaldo dos Santos, Estrada de Benfica, São Domingos de Benfica"
31439425,T2 ,158,4º andar ,1159800,215566291.0,https://www.idealista.pt/imovel/31439425/,"Apartamento T2 na rua Professor Reinaldo dos Santos, Estrada de Benfica, São Domingos de Benfica"
31439420,T1 ,97,4º andar ,711000,215566291.0,https://www.idealista.pt/imovel/31439420/,"Apartamento T1 na rua Professor Reinaldo dos Santos, Estrada de Benfica, São Domingos de Benfica"
31439418,T1 ,97,6º andar ,711000,215566291.0,https://www.idealista.pt/imovel/31439418/,"Apartamento T1 na rua Professor Reinaldo dos Santos, Estrada de Benfica, São Domingos de Benfica"
31439413,T1 ,85,1º andar ,613900,215566291.0,https://www.idealista.pt/imovel/31439413/,"Apartamento T1 na rua Professor Reinaldo dos Santos, Estrada de Benfica, São Domingos de Benfica"
31439417,T1 ,97,5º andar ,711000,215566291.0,https://www.idealista.pt/imovel/31439417/,"Apartamento T1 na rua Professor Reinaldo dos Santos, Estrada de Benfica, São Domingos de Benfica"
31439411,T1 ,97,7º andar ,711000,215566291.0,https://www.idealista.pt/imovel/31439411/,"Apartamento T1 na rua Professor Reinaldo dos Santos, Estrada de Benfica, São Domingos de Benfica"
31439410,T1 ,84,2º andar ,613900,215566291.0,https://www.idealista.pt/imovel/31439410/,"Apartamento T1 na rua Professor Reinaldo dos Santos, Estrada de Benfica, São Domingos de Benfica"
31439409,T1 ,85,1º andar ,613900,215566291.0,https://www.idealista.pt/imovel/31439409/,"Apartamento T1 na rua Professor Reinaldo dos Santos, Estrada de Benfica, São Domingos de Benfica"
31436697,T4 ,155,6º andar ,679000,215552834.0,https://www.idealista.pt/imovel/31436697/,"Apartamento T4, Abranches Ferrão, Laranjeiras, São Domingos de Benfica"
31436586,T3 ,136,3º andar ,538000,215553271.0,https://www.idealista.pt/imovel/31436586/,"Apartamento T3 na rua Manuel da Fonseca, Laranjeiras, São Domingos de Benfica"
31435583,T3 ,108,3º andar ,380000,215556027.0,https://www.idealista.pt/imovel/31435583/,"Apartamento T3 na rua Dr. António Martins, Sete Rios, São Domingos de Benfica"
31433826,T4 ,210,5º andar ,640000,265564186.0,https://www.idealista.pt/imovel/31433826/,"Apartamento T4 em Estrada de Benfica, São Domingos de Benfica"
31434948,T3 ,108,3º andar ,380000,215564125.0,https://www.idealista.pt/imovel/31434948/,"Apartamento T3 em Sete Rios, São Domingos de Benfica"
31434889,T2 ,125,2º andar ,490000,215557406.0,https://www.idealista.pt/imovel/31434889/,"Apartamento T2 na rua Olavo d' Eça Leal, Laranjeiras, São Domingos de Benfica"
31422788,T3 ,110,9º andar ,410000,272220247.0,https://www.idealista.pt/imovel/31422788/,"Apartamento T3 na rua Mariano Pina, Estrada de Benfica, São Domingos de Benfica"
31424701,T3 ,115,,385000,215551732.0,https://www.idealista.pt/imovel/31424701/,"Apartamento T3 em Laranjeiras, São Domingos de Benfica"
31423308,T1 ,71,2º andar ,350000,962879559.0,https://www.idealista.pt/imovel/31423308/,"Apartamento T1 na rua Luciana Stegagno Picchio, 1, Alto dos Moinhos, São Domingos de Benfica"
31422565,T2 ,70,,200000,215552785.0,https://www.idealista.pt/imovel/31422565/,"Apartamento T2 em Estrada de Benfica, São Domingos de Benfica"
31421886,T3 ,154,2º andar ,535000,215561846.0,https://www.idealista.pt/imovel/31421886/,"Apartamento T3 em Alto dos Moinhos, São Domingos de Benfica"
31421816,T2 ,70,1º andar ,200000,215550453.0,https://www.idealista.pt/imovel/31421816/,"Apartamento T2, Conde de Almoster, 76, Estrada de Benfica, São Domingos de Benfica"
31419272,T2 ,63,5º andar ,295000,913052082.0,https://www.idealista.pt/imovel/31419272/,"Apartamento T2 na rua Padre Francisco Álvares, 25, Estrada de Benfica, São Domingos de Benfica"
31419118,T5 ,212,5º andar ,1250000,244410698.0,https://www.idealista.pt/imovel/31419118/,"Apartamento T5 em Laranjeiras, São Domingos de Benfica"
31419125,T4 ,192,5º andar ,990000,244410698.0,https://www.idealista.pt/imovel/31419125/,"Apartamento T4 em Laranjeiras, São Domingos de Benfica"
31417260,T3 ,108,,380000,215565078.0,https://www.idealista.pt/imovel/31417260/,"Apartamento T3 na rua Doutor António Martins, s/n, Sete Rios, São Domingos de Benfica"
31415281,T2 ,107,2º andar ,345000,215569214.0,https://www.idealista.pt/imovel/31415281/,"Apartamento T2 na rua Antonio Albino Machado, Laranjeiras, São Domingos de Benfica"
31414918,T3 ,98,,270000,215552768.0,https://www.idealista.pt/imovel/31414918/,"Apartamento T3 em Estrada de Benfica, São Domingos de Benfica"
31413915,T2 ,60,2º andar ,235000,215558079.0,https://www.idealista.pt/imovel/31413915/,"Apartamento T2 em Estrada de Benfica, São Domingos de Benfica"
31412437,T3 ,113,,490000,225558678.0,https://www.idealista.pt/imovel/31412437/,"Apartamento T3 em Laranjeiras, São Domingos de Benfica"
31411085,T2 ,72, ,399000,215560275.0,https://www.idealista.pt/imovel/31411085/,"Apartamento T2 em Laranjeiras, São Domingos de Benfica"
31384540,T3 ,100,3º andar ,280000,912974599.0,https://www.idealista.pt/imovel/31384540/,"Apartamento T3 em Estrada de Benfica, São Domingos de Benfica"
30490900,T3 ,157, ,580000,215551673.0,https://www.idealista.pt/imovel/30490900/,"Apartamento T3 em Estrada de Benfica, São Domingos de Benfica"
31407696,T4 ,151,3º andar ,495000,215553058.0,https://www.idealista.pt/imovel/31407696/,"Apartamento T4 na rua Professor Reinaldo dos Santos, Alto dos Moinhos, São Domingos de Benfica"
31245616,T4 ,170,3º andar ,495000,215560576.0,https://www.idealista.pt/imovel/31245616/,"Apartamento T4 na rua Professor Reinaldo dos Santos, Alto dos Moinhos, São Domingos de Benfica"
31406165,T4 ,162,8º andar ,665000,215551364.0,https://www.idealista.pt/imovel/31406165/,"Apartamento T4 na estrada da Luz, Alto dos Moinhos, São Domingos de Benfica"
31309482,T3 ,141, ,660000,244410698.0,https://www.idealista.pt/imovel/31309482/,"Apartamento T3 em Laranjeiras, São Domingos de Benfica"
31404032,T3 ,88,3º andar ,295000,225558678.0,https://www.idealista.pt/imovel/31404032/,"Apartamento T3 em Estrada de Benfica, São Domingos de Benfica"
31271259,T2 ,130,3º andar ,447500,225550169.0,https://www.idealista.pt/imovel/31271259/,"Apartamento T2 em Alto dos Moinhos, São Domingos de Benfica"
31402320,T4 ,182,10º andar ,695000,215550117.0,https://www.idealista.pt/imovel/31402320/,"Duplex em Sete Rios, São Domingos de Benfica"
31394282,T3 ,182,10º andar ,695000,215553827.0,https://www.idealista.pt/imovel/31394282/,"Duplex, Av.ª Columbano Bordalo Pinheiro, 108, Sete Rios, São Domingos de Benfica"
31395168,T3 ,100,4º andar ,375000,215558079.0,https://www.idealista.pt/imovel/31395168/,"Apartamento T3 em Alto dos Moinhos, São Domingos de Benfica"
31394139,T4 ,140,7º andar ,950000,215557625.0,https://www.idealista.pt/imovel/31394139/,"Apartamento T4 em Laranjeiras, São Domingos de Benfica"
31394152,T5 ,279,7º andar ,950000,215557625.0,https://www.idealista.pt/imovel/31394152/,"Apartamento T5 em Laranjeiras, São Domingos de Benfica"
31393213,T2 ,91,,292000,215552738.0,https://www.idealista.pt/imovel/31393213/,"Apartamento T2 na rua Cidade de Rabat, s/n, Estrada de Benfica, São Domingos de Benfica"
31392308,T2 ,77,4º andar ,348000,215551954.0,https://www.idealista.pt/imovel/31392308/,"Apartamento T2 em Sete Rios, São Domingos de Benfica"
31391210,T3 ,81,,399900,265561826.0,https://www.idealista.pt/imovel/31391210/,"Apartamento T3 em Alto dos Moinhos, São Domingos de Benfica"
31389764,T2 ,96,3º andar ,240000,215552748.0,https://www.idealista.pt/imovel/31389764/,"Apartamento T2 em Estrada de Benfica, São Domingos de Benfica"
31389708,T3 ,153,,769000,961295559.0,https://www.idealista.pt/imovel/31389708/,"Apartamento T3 em Estrada de Benfica, São Domingos de Benfica"
31387943,T3 ,94,4º andar ,375000,215552418.0,https://www.idealista.pt/imovel/31387943/,"Apartamento T3 na rua Cidade de Cádiz, Alto dos Moinhos, São Domingos de Benfica"
31387633,T3 ,104, ,375000,215564178.0,https://www.idealista.pt/imovel/31387633/,"Apartamento T3 em Alto dos Moinhos, São Domingos de Benfica"
31374908,T3 ,167, ,995000,215551863.0,https://www.idealista.pt/imovel/31374908/,"Apartamento T3 em Sete Rios, São Domingos de Benfica"
30063632,T2 ,78,,399000,215561964.0,https://www.idealista.pt/imovel/30063632/,"Apartamento T2 na rua Alfredo Guisado, s/n, Estrada de Benfica, São Domingos de Benfica"
31381690,T4 ,255,2º andar ,960000,215552564.0,https://www.idealista.pt/imovel/31381690/,"Apartamento T4 em Alto dos Moinhos, São Domingos de Benfica"
31379488,T3 ,93,2º andar ,299500,215558079.0,https://www.idealista.pt/imovel/31379488/,"Apartamento T3 em Alto dos Moinhos, São Domingos de Benfica"
31377936,T3 ,152,3º andar ,495000,210020965.0,https://www.idealista.pt/imovel/31377936/,"Apartamento T3 em Alto dos Moinhos, São Domingos de Benfica"
31376952,T4 ,185,6º andar ,570000,215562563.0,https://www.idealista.pt/imovel/31376952/,"Apartamento T4 na rua Virgílio Correia, Laranjeiras, São Domingos de Benfica"
31376655,T2 ,78,6º andar ,296000,215550578.0,https://www.idealista.pt/imovel/31376655/,"Apartamento T2 na rua Conde de Almoster, Estrada de Benfica, São Domingos de Benfica"
31081749,T4 ,200,14º andar ,1290000,215555982.0,https://www.idealista.pt/imovel/31081749/,"Penthouse na rua Manuel da Silva Leal, Laranjeiras, São Domingos de Benfica"
31376038,T4 ,150,,598000,215552741.0,https://www.idealista.pt/imovel/31376038/,"Apartamento T4 em Laranjeiras, São Domingos de Benfica"
31375360,T3 ,161,6º andar ,885000,215550961.0,https://www.idealista.pt/imovel/31375360/,"Apartamento T3 na rua António Alçada Batista, Alto dos Moinhos, São Domingos de Benfica"
31374694,T1 ,74,13º andar ,370000,215550961.0,https://www.idealista.pt/imovel/31374694/,"Apartamento T1 na rua Tomás da Fonseca, Laranjeiras, São Domingos de Benfica"
31375158,T1 ,50,,240000,215552794.0,https://www.idealista.pt/imovel/31375158/,"Apartamento T1 na rua Ginestal Machado, s/n, Laranjeiras, São Domingos de Benfica"
31374886,T4 ,149, ,585000,215553058.0,https://www.idealista.pt/imovel/31374886/,"Apartamento T4 no largo Carlos Selvagem, 3, Alto dos Moinhos, São Domingos de Benfica"
31373561,T2 ,140,1º andar ,512500,215560926.0,https://www.idealista.pt/imovel/31373561/,"Apartamento T2 em Alto dos Moinhos, São Domingos de Benfica"
31372701,T2 ,36,,215000,215552796.0,https://www.idealista.pt/imovel/31372701/,"Apartamento T2 na rua Santa Matilde, s/n, Estrada de Benfica, São Domingos de Benfica"
31281739,T5 ,255, ,960000,215553076.0,https://www.idealista.pt/imovel/31281739/,"Apartamento T5 na rua Maestro Frederico de Freitas, s/n, Alto dos Moinhos, São Domingos de Benfica"
31370142,T2 ,74,,383000,215552796.0,https://www.idealista.pt/imovel/31370142/,"Apartamento T2 na rua dos Soeiros, s/n, Alto dos Moinhos, São Domingos de Benfica"
31367520,T5 ,205,,950000,215552796.0,https://www.idealista.pt/imovel/31367520/,"Apartamento T5 na rua João de Freitas Branco, s/n, Alto dos Moinhos, São Domingos de Benfica"
31365310,T3 ,170,2º andar ,625000,215558079.0,https://www.idealista.pt/imovel/31365310/,"Apartamento T3 em Laranjeiras, São Domingos de Benfica"
31365302,T4 ,161,3º andar ,520000,215563792.0,https://www.idealista.pt/imovel/31365302/,"Apartamento T4 em Alto dos Moinhos, São Domingos de Benfica"
31355844,T1 ,109,Rés do chão ,799400,215566291.0,https://www.idealista.pt/imovel/31355844/,"Apartamento T1 na rua Professor Reinaldo dos Santos, Estrada de Benfica, São Domingos de Benfica"
31358956,T3 ,88,4º andar ,399900,210007027.0,https://www.idealista.pt/imovel/31358956/,"Apartamento T3 em Alto dos Moinhos, São Domingos de Benfica"
31358332,T3 ,82,,395000,215552741.0,https://www.idealista.pt/imovel/31358332/,"Apartamento T3 em Estrada de Benfica, São Domingos de Benfica"
31358230,T3 ,85,,370000,215552816.0,https://www.idealista.pt/imovel/31358230/,"Apartamento T3 em Estrada de Benfica, São Domingos de Benfica"
30527535,T2 ,144,,695000,215552945.0,https://www.idealista.pt/imovel/30527535/,"Apartamento T2 em Laranjeiras, São Domingos de Benfica"
31355503,T4 ,207,9º andar ,795000,215566891.0,https://www.idealista.pt/imovel/31355503/,"Apartamento T4 na rua Professor Reinaldo dos Santos, s/n, Estrada de Benfica, São Domingos de Benfica"
31354465,T3 ,155,1º andar ,1136400,215566291.0,https://www.idealista.pt/imovel/31354465/,"Apartamento T3 na rua Professor Reinaldo dos Santos, Alto dos Moinhos, São Domingos de Benfica"
31354157,T2 ,85,3º andar ,289000,215558079.0,https://www.idealista.pt/imovel/31354157/,"Apartamento T2 em Laranjeiras, São Domingos de Benfica"
31353000,T3 ,156,2º andar ,1135800,215550983.0,https://www.idealista.pt/imovel/31353000/,"Apartamento T3 na rua Maestro Frederico de Freitas e Rua Professor Reinaldo dos Santos, s/n, Alto dos Moinhos, São Domingos de Benfica"
31353005,T2 ,131,3º andar ,956100,215550983.0,https://www.idealista.pt/imovel/31353005/,"Apartamento T2 na rua Maestro Frederico de Freitas e Rua Professor Reinaldo dos Santos, s/n, Alto dos Moinhos, São Domingos de Benfica"
31352954,T1 ,97,2º andar ,711000,215550983.0,https://www.idealista.pt/imovel/31352954/,"Apartamento T1 na rua Maestro Frederico de Freitas e Rua Professor Reinaldo dos Santos, s/n, Alto dos Moinhos, São Domingos de Benfica"
31353001,T3 ,236,8º andar ,1723900,215550983.0,https://www.idealista.pt/imovel/31353001/,"Duplex na rua Maestro Frederico de Freitas e Rua Professor Reinaldo dos Santos, s/n, Alto dos Moinhos, São Domingos de Benfica"
31352951,T2 ,154,Rés do chão ,1123400,215550983.0,https://www.idealista.pt/imovel/31352951/,"Apartamento T2 na rua Maestro Frederico de Freitas e Rua Professor Reinaldo dos Santos, s/n, Alto dos Moinhos, São Domingos de Benfica"
31352953,T4 ,198,2º andar ,1448400,215550983.0,https://www.idealista.pt/imovel/31352953/,"Apartamento T4 na rua Maestro Frederico de Freitas e Rua Professor Reinaldo dos Santos, s/n, Alto dos Moinhos, São Domingos de Benfica"
31352996,T2 ,159,3º andar ,1159800,215550983.0,https://www.idealista.pt/imovel/31352996/,"Apartamento T2 na rua Maestro Frederico de Freitas e Rua Professor Reinaldo dos Santos, s/n, Alto dos Moinhos, São Domingos de Benfica"
31352974,T4 ,257,Rés do chão ,1873100,215550983.0,https://www.idealista.pt/imovel/31352974/,"Duplex na rua Maestro Frederico de Freitas e Rua Professor Reinaldo dos Santos, s/n, Alto dos Moinhos, São Domingos de Benfica"
31353009,T3 ,219,Rés do chão ,1598700,215550983.0,https://www.idealista.pt/imovel/31353009/,"Duplex na rua Maestro Frederico de Freitas e Rua Professor Reinaldo dos Santos, s/n, Alto dos Moinhos, São Domingos de Benfica"
31352929,T3 ,156,1º andar ,1136400,215550983.0,https://www.idealista.pt/imovel/31352929/,"Apartamento T3 na rua Maestro Frederico de Freitas e Rua Professor Reinaldo dos Santos, s/n, Alto dos Moinhos, São Domingos de Benfica"
31352928,T4 ,201,1º andar ,1466000,215550983.0,https://www.idealista.pt/imovel/31352928/,"Apartamento T4 na rua Maestro Frederico de Freitas e Rua Professor Reinaldo dos Santos, s/n, Alto dos Moinhos, São Domingos de Benfica"
31352923,T1 ,110,Rés do chão ,799400,215550983.0,https://www.idealista.pt/imovel/31352923/,"Apartamento T1 na rua Maestro Frederico de Freitas e Rua Professor Reinaldo dos Santos, s/n, Alto dos Moinhos, São Domingos de Benfica"
31345881,T3 ,112,1º andar ,399000,265562872.0,https://www.idealista.pt/imovel/31345881/,"Apartamento T3 na rua António Albino Machado, Laranjeiras, São Domingos de Benfica"
31352172,T3 ,155,1º andar ,1136400,215566291.0,https://www.idealista.pt/imovel/31352172/,"Apartamento T3 na rua Professor Reinaldo dos Santos, Alto dos Moinhos, São Domingos de Benfica"
31347493,T2 ,65,1º andar ,179550,215550947.0,https://www.idealista.pt/imovel/31347493/,"Apartamento T2 no largo Calouste Gulbenkian, s/n, Estrada de Benfica, São Domingos de Benfica"
31342106,T5 ,220,5º andar ,605000,215561023.0,https://www.idealista.pt/imovel/31342106/,"Apartamento T5 na rua Ferreira Andrade, Estrada de Benfica, São Domingos de Benfica"
31345045,T4 ,110,4º andar ,449000,215561809.0,https://www.idealista.pt/imovel/31345045/,"Apartamento T4 em Laranjeiras, São Domingos de Benfica"
31344120,T2 ,139,1º andar ,512500,215558759.0,https://www.idealista.pt/imovel/31344120/,"Apartamento T2 em Alto dos Moinhos, São Domingos de Benfica"
31341691,T3 ,81,4º andar ,399900,215562978.0,https://www.idealista.pt/imovel/31341691/,"Apartamento T3 em Alto dos Moinhos, São Domingos de Benfica"
31338351,T4 ,161,,595000,215552854.0,https://www.idealista.pt/imovel/31338351/,"Apartamento T4 na rua Mateus Vicente, s/n, Alto dos Moinhos, São Domingos de Benfica"
31338032,T3 ,142,8º andar ,475000,215556014.0,https://www.idealista.pt/imovel/31338032/,"Apartamento T3, Calçada Palma de Baixo, Laranjeiras, São Domingos de Benfica"
31337396,T3 ,88,4º andar ,399900,917949842.0,https://www.idealista.pt/imovel/31337396/,"Apartamento T3 em Alto dos Moinhos, São Domingos de Benfica"
31334227,T4 ,257, ,1873100,215550254.0,https://www.idealista.pt/imovel/31334227/,"Apartamento T4 em Alto dos Moinhos, São Domingos de Benfica"
31334200,T3 ,237, ,1598700,215550254.0,https://www.idealista.pt/imovel/31334200/,"Duplex em Alto dos Moinhos, São Domingos de Benfica"
31334199,T4 ,201, ,1448400,215550254.0,https://www.idealista.pt/imovel/31334199/,"Apartamento T4 em Alto dos Moinhos, São Domingos de Benfica"
31334224,T3 ,156, ,1135800,215550254.0,https://www.idealista.pt/imovel/31334224/,"Apartamento T3 em Alto dos Moinhos, São Domingos de Benfica"
31334226,T2 ,159, ,956100,215550254.0,https://www.idealista.pt/imovel/31334226/,"Apartamento T2 em Alto dos Moinhos, São Domingos de Benfica"
31334198,T1 ,110, ,613900,215550254.0,https://www.idealista.pt/imovel/31334198/,"Apartamento T1 em Alto dos Moinhos, São Domingos de Benfica"
31333526,T4 ,185,Rés do chão ,698000,215555164.0,https://www.idealista.pt/imovel/31333526/,"Apartamento T4 na rua José Maria Nicolau, Alto dos Moinhos, São Domingos de Benfica"
31331479,T3 ,128,6º andar ,490000,939180691.0,https://www.idealista.pt/imovel/31331479/,"Apartamento T3 na rua Virgílio Correia, 32, Laranjeiras, São Domingos de Benfica"
31330543,T1 ,68,4º andar ,278000,215561507.0,https://www.idealista.pt/imovel/31330543/,"Apartamento T1 em Sete Rios, São Domingos de Benfica"
31330488,T4 ,242,9º andar ,795000,215561846.0,https://www.idealista.pt/imovel/31330488/,"Apartamento T4 na rua Professor Reinaldo dos Santos, 1, Estrada de Benfica, São Domingos de Benfica"
31324129,T2 ,36,,210000,215552785.0,https://www.idealista.pt/imovel/31324129/,"Apartamento T2 em Estrada de Benfica, São Domingos de Benfica"
31323867,T3 ,123,2º andar ,460000,225558678.0,https://www.idealista.pt/imovel/31323867/,"Apartamento T3 em Alto dos Moinhos, São Domingos de Benfica"
31321870,T3 ,300, ,1390000,215550195.0,https://www.idealista.pt/imovel/31321870/,"Apartamento T3 em Estrada de Benfica, São Domingos de Benfica"
31321302,T3 ,144,,540000,215552945.0,https://www.idealista.pt/imovel/31321302/,"Apartamento T3 em Laranjeiras, São Domingos de Benfica"
31318834,T3 ,134,7º andar ,530000,215558079.0,https://www.idealista.pt/imovel/31318834/,"Apartamento T3 em Laranjeiras, São Domingos de Benfica"
31314090,T3 ,72, ,399900,215554716.0,https://www.idealista.pt/imovel/31314090/,"Apartamento T3 em Alto dos Moinhos, São Domingos de Benfica"
31312178,T3 ,81, ,399900,215564538.0,https://www.idealista.pt/imovel/31312178/,"Apartamento T3 em Alto dos Moinhos, São Domingos de Benfica"
31310064,T3 ,81,4º andar ,399900,265562796.0,https://www.idealista.pt/imovel/31310064/,"Apartamento T3 em Alto dos Moinhos, São Domingos de Benfica"
31308618,T3 ,88,4º andar ,399900,215559672.0,https://www.idealista.pt/imovel/31308618/,"Apartamento T3 na rua Cidade de Cádiz, Alto dos Moinhos, São Domingos de Benfica"
31306167,T1 ,45,Rés do chão ,165000,969300021.0,https://www.idealista.pt/imovel/31306167/,"Apartamento T1 na estrada de Benfica, 244, Estrada de Benfica, São Domingos de Benfica"
31305681,T2 ,72,,229900,289980475.0,https://www.idealista.pt/imovel/31305681/,"Apartamento T2 em Estrada de Benfica, São Domingos de Benfica"
31305416,T3 ,72,4º andar ,399900,225558678.0,https://www.idealista.pt/imovel/31305416/,"Apartamento T3 em Alto dos Moinhos, São Domingos de Benfica"
31304694,T3 ,100,3º andar ,275000,215566129.0,https://www.idealista.pt/imovel/31304694/,"Apartamento T3 em Estrada de Benfica, São Domingos de Benfica"
31294633,T4 ,174,3º andar ,500000,215560327.0,https://www.idealista.pt/imovel/31294633/,"Apartamento T4 em Alto dos Moinhos, São Domingos de Benfica"
31300685,T3 ,260,1º andar ,825000,912111675.0,https://www.idealista.pt/imovel/31300685/,"Apartamento T3 na rua Frei Luis de Granada, 8, Alto dos Moinhos, São Domingos de Benfica"
31302120,T4 ,236,5º andar ,920000,244410837.0,https://www.idealista.pt/imovel/31302120/,"Apartamento T4 em Laranjeiras, São Domingos de Benfica"
31302128,T5 ,331,5º andar ,1200000,244410837.0,https://www.idealista.pt/imovel/31302128/,"Apartamento T5 em Laranjeiras, São Domingos de Benfica"
31301835,T2 ,71,6º andar ,350000,215552798.0,https://www.idealista.pt/imovel/31301835/,"Apartamento T2 em Sete Rios, São Domingos de Benfica"
31300866,T4 ,137, ,650000,967892718.0,https://www.idealista.pt/imovel/31300866/,"Apartamento T4 no largo Carlos Selvagem, 1, Alto dos Moinhos, São Domingos de Benfica"
31299449,T3 ,118, ,425000,215558917.0,https://www.idealista.pt/imovel/31299449/,"Apartamento T3 em Laranjeiras, São Domingos de Benfica"
31297066,T1 ,50,,215000,215560165.0,https://www.idealista.pt/imovel/31297066/,"Apartamento T1 em Estrada de Benfica, São Domingos de Benfica"
31296371,T8 ,237,,898000,215552673.0,https://www.idealista.pt/imovel/31296371/,"Apartamento T8 na rua António Saúde, s/n, Estrada de Benfica, São Domingos de Benfica"
31296239,T3 ,74,,359900,215552673.0,https://www.idealista.pt/imovel/31296239/,"Apartamento T3 na estrada de Benfica, s/n, Estrada de Benfica, São Domingos de Benfica"
31294252,T2 ,111,4º andar ,580000,244410837.0,https://www.idealista.pt/imovel/31294252/,"Apartamento T2 em Laranjeiras, São Domingos de Benfica"
31292818,T2 ,75,,310000,215552741.0,https://www.idealista.pt/imovel/31292818/,"Apartamento T2 em Estrada de Benfica, São Domingos de Benfica"
31288985,T2 ,94,6º andar ,320000,215552748.0,https://www.idealista.pt/imovel/31288985/,"Apartamento T2 em Laranjeiras, São Domingos de Benfica"
31286240,T3 ,98,2º andar ,360000,915241591.0,https://www.idealista.pt/imovel/31286240/,"Apartamento T3 na rua São Domingos de Benfica, 2, Estrada de Benfica, São Domingos de Benfica"
31285802,T2 ,90,,310000,215554759.0,https://www.idealista.pt/imovel/31285802/,"Apartamento T2 na rua António Nobre, s/n, Estrada de Benfica, São Domingos de Benfica"
31285570,T2 ,104,,490000,215552816.0,https://www.idealista.pt/imovel/31285570/,"Apartamento T2 em Laranjeiras, São Domingos de Benfica"
31283754,T2 ,90,2º andar ,310000,215560971.0,https://www.idealista.pt/imovel/31283754/,"Apartamento T2 em Estrada de Benfica, São Domingos de Benfica"
31282524,T3 ,147,6º andar ,480000,215568914.0,https://www.idealista.pt/imovel/31282524/,"Apartamento T3 na rua Manuel Ferreira de Andrade, Estrada de Benfica, São Domingos de Benfica"
31279175,T5 ,275,,950000,215556492.0,https://www.idealista.pt/imovel/31279175/,"Apartamento T5 em Laranjeiras, São Domingos de Benfica"
31276275,T3 ,144,2º andar ,460000,215558127.0,https://www.idealista.pt/imovel/31276275/,"Apartamento T3 na rua João de Freitas Branco, Alto dos Moinhos, São Domingos de Benfica"
31273432,T3 ,82,4º andar ,339800,215553078.0,https://www.idealista.pt/imovel/31273432/,"Apartamento T3 em Laranjeiras, São Domingos de Benfica"
31272494,T0 ,37,1º andar ,245000,215553058.0,https://www.idealista.pt/imovel/31272494/,"Apartamento T0 na avenida General Norton de Matos, 15, Alto dos Moinhos, São Domingos de Benfica"
31268609,T3 ,139,2º andar ,660000,215566134.0,https://www.idealista.pt/imovel/31268609/,"Apartamento T3 em Laranjeiras, São Domingos de Benfica"
31268583,T2 ,159,1º andar ,560000,215566134.0,https://www.idealista.pt/imovel/31268583/,"Apartamento T2 em Laranjeiras, São Domingos de Benfica"
31268601,T5 ,286,5º andar ,1250000,215566134.0,https://www.idealista.pt/imovel/31268601/,"Duplex em Laranjeiras, São Domingos de Benfica"
31268584,T2 ,112,4º andar ,595000,215566134.0,https://www.idealista.pt/imovel/31268584/,"Apartamento T2 em Laranjeiras, São Domingos de Benfica"
31268615,T4 ,213,5º andar ,990000,215566134.0,https://www.idealista.pt/imovel/31268615/,"Duplex em Laranjeiras, São Domingos de Benfica"
31267487,T3 ,87,,200000,215552758.0,https://www.idealista.pt/imovel/31267487/,"Apartamento T3 no largo Madalena Perdigão, s/n, Estrada de Benfica, São Domingos de Benfica"
31267341,T3 ,212,,720000,215552863.0,https://www.idealista.pt/imovel/31267341/,"Apartamento T3 em Alto dos Moinhos, São Domingos de Benfica"
31265693,T4 ,282,15º andar ,1090000,289985214.0,https://www.idealista.pt/imovel/31265693/,"Apartamento T4 em Laranjeiras, São Domingos de Benfica"
31265056,T5 ,240,2º andar ,960000,215558079.0,https://www.idealista.pt/imovel/31265056/,"Apartamento T5 em Alto dos Moinhos, São Domingos de Benfica"
31264791,T3 ,178,,705000,215554759.0,https://www.idealista.pt/imovel/31264791/,"Apartamento T3 na rua António Alçada Baptista, s/n, Alto dos Moinhos, São Domingos de Benfica"
31249414,T4 ,177,6º andar ,799000,215562185.0,https://www.idealista.pt/imovel/31249414/,"Apartamento T4 na rua São Tómas de Aquino, Laranjeiras, São Domingos de Benfica"
31260750,T2 ,67,Rés do chão ,180000,215556519.0,https://www.idealista.pt/imovel/31260750/,"Apartamento T2 em Estrada de Benfica, São Domingos de Benfica"
31258469,T4 ,197,9º andar ,895000,210020965.0,https://www.idealista.pt/imovel/31258469/,"Apartamento T4 em Laranjeiras, São Domingos de Benfica"
31255696,T5 ,152,3º andar ,495000,215558079.0,https://www.idealista.pt/imovel/31255696/,"Apartamento T5 em Alto dos Moinhos, São Domingos de Benfica"
31254320,T3 ,125,8º andar ,550000,215555784.0,https://www.idealista.pt/imovel/31254320/,"Apartamento T3 em Laranjeiras, São Domingos de Benfica"
31251914,T4 ,115,,388500,265560881.0,https://www.idealista.pt/imovel/31251914/,"Apartamento T4 na estrada de Benfica, s/n, Estrada de Benfica, São Domingos de Benfica"
31241841,T4 ,176,6º andar ,497500,215556127.0,https://www.idealista.pt/imovel/31241841/,"Apartamento T4 em Alto dos Moinhos, São Domingos de Benfica"
31241261,T2 ,137, ,599000,215565441.0,https://www.idealista.pt/imovel/31241261/,"Apartamento T2 em Alto dos Moinhos, São Domingos de Benfica"
31233082,T4 ,160,3º andar ,495000,210054103.0,https://www.idealista.pt/imovel/31233082/,"Apartamento T4 na rua Professor Reinaldo dos Santos, s/n, Alto dos Moinhos, São Domingos de Benfica"
31232288,T3 ,144, ,460000,215551542.0,https://www.idealista.pt/imovel/31232288/,"Apartamento T3 em Alto dos Moinhos, São Domingos de Benfica"
31231145,T3 ,153,,695000,215552785.0,https://www.idealista.pt/imovel/31231145/,"Apartamento T3 em Alto dos Moinhos, São Domingos de Benfica"
31230786,T4 ,171,3º andar ,495000,215561086.0,https://www.idealista.pt/imovel/31230786/,"Apartamento T4 em Alto dos Moinhos, São Domingos de Benfica"
31228644,T1 ,59,,197500,215556715.0,https://www.idealista.pt/imovel/31228644/,"Apartamento T1 em Estrada de Benfica, São Domingos de Benfica"
31229634,T4 ,240,9º andar ,795000,916618443.0,https://www.idealista.pt/imovel/31229634/,"Penthouse na rua Professor Reinaldo dos Santos, 1, Estrada de Benfica, São Domingos de Benfica"
31222532,T3 ,95,1º andar ,295000,215564136.0,https://www.idealista.pt/imovel/31222532/,"Apartamento T3 na rua Mariano Pina, Estrada de Benfica, São Domingos de Benfica"
31225335,T3 ,109,1º andar ,378000,265562934.0,https://www.idealista.pt/imovel/31225335/,"Apartamento T3 em Estrada de Benfica, São Domingos de Benfica"
31224704,T3 ,140,2º andar ,530000,215550117.0,https://www.idealista.pt/imovel/31224704/,"Apartamento T3 em Estrada de Benfica, São Domingos de Benfica"
31223433,T3 ,133,,785000,215567264.0,https://www.idealista.pt/imovel/31223433/,"Apartamento T3 em Alto dos Moinhos, São Domingos de Benfica"
31220547,T4 ,162,10º andar ,595000,215552941.0,https://www.idealista.pt/imovel/31220547/,"Apartamento T4 em Estrada de Benfica, São Domingos de Benfica"
31214843,T3 ,140,4º andar ,600000,914335396.0,https://www.idealista.pt/imovel/31214843/,"Apartamento T3 na rua dos Soeiros, 318, Alto dos Moinhos, São Domingos de Benfica"
31196824,T4 ,240,2º andar ,960000,215569402.0,https://www.idealista.pt/imovel/31196824/,"Apartamento T4 em Alto dos Moinhos, São Domingos de Benfica"
31208563,T5 ,207,,620000,215552783.0,https://www.idealista.pt/imovel/31208563/,"Apartamento T5 na rua São Tomás de Aquino, s/n, Laranjeiras, São Domingos de Benfica"
31208236,T4 ,185,,698000,215552738.0,https://www.idealista.pt/imovel/31208236/,"Apartamento T4 na rua José Maria Nicolau, 6, Alto dos Moinhos, São Domingos de Benfica"
31065966,T3 ,141, ,560000,215564128.0,https://www.idealista.pt/imovel/31065966/,"Apartamento T3 em Laranjeiras, São Domingos de Benfica"
30639308,T4 ,176, ,497500,215564128.0,https://www.idealista.pt/imovel/30639308/,"Apartamento T4 em Alto dos Moinhos, São Domingos de Benfica"
31001645,T2 ,64, ,340000,215561846.0,https://www.idealista.pt/imovel/31001645/,"Apartamento T2 em Estrada de Benfica, São Domingos de Benfica"
31207800,T2 ,92, ,247000,265564783.0,https://www.idealista.pt/imovel/31207800/,"Apartamento T2 em Estrada de Benfica, São Domingos de Benfica"
31203640,T2 ,102,,598000,215552803.0,https://www.idealista.pt/imovel/31203640/,"Apartamento T2 na rua Virgílio Correia, s/n, Laranjeiras, São Domingos de Benfica"
31203594,T2 ,114,,750000,215552931.0,https://www.idealista.pt/imovel/31203594/,"Apartamento T2 na avenida Columbano Bordalo Pinheiro, s/n, Sete Rios, São Domingos de Benfica"
31200670,T4 ,190,3º andar ,958000,210020965.0,https://www.idealista.pt/imovel/31200670/,"Apartamento T4 em Alto dos Moinhos, São Domingos de Benfica"
31194105,T5 ,205,7º andar ,563000,215553058.0,https://www.idealista.pt/imovel/31194105/,"Apartamento T5 na rua Manuel Ferreira de Andrade, 10, Estrada de Benfica, São Domingos de Benfica"
31190844,T3 ,136,8º andar ,550000,215561284.0,https://www.idealista.pt/imovel/31190844/,"Apartamento T3 na rua Professor Reinaldo dos Santos, 12, Estrada de Benfica, São Domingos de Benfica"
31189959,T3 ,140,,524500,215554519.0,https://www.idealista.pt/imovel/31189959/,"Apartamento T3 em Estrada de Benfica, São Domingos de Benfica"
31188369,T4 ,180,14º andar ,1350000,215558601.0,https://www.idealista.pt/imovel/31188369/,"Penthouse na rua Manuel da Silva Leal, 11, Laranjeiras, São Domingos de Benfica"
31180633,T3 ,84,2º andar ,310000,215556715.0,https://www.idealista.pt/imovel/31180633/,"Apartamento T3 em Estrada de Benfica, São Domingos de Benfica"
31181030,T5 ,205,7º andar ,610000,215563864.0,https://www.idealista.pt/imovel/31181030/,"Apartamento T5 em Estrada de Benfica, São Domingos de Benfica"
31178340,T1 ,47,2º andar ,237500,265565614.0,https://www.idealista.pt/imovel/31178340/,"Apartamento T1, Calçada Palma de Baixo, Laranjeiras, São Domingos de Benfica"
31177192,T1 ,35,Rés do chão ,192500,215552845.0,https://www.idealista.pt/imovel/31177192/,"Apartamento T1 na estrada das Laranjeiras, Laranjeiras, São Domingos de Benfica"
31177102,T3 ,140,2º andar ,524500,215553827.0,https://www.idealista.pt/imovel/31177102/,"Apartamento T3 na estrada de Benfica, 431, Estrada de Benfica, São Domingos de Benfica"
31174708,T4 ,200, ,625000,215560941.0,https://www.idealista.pt/imovel/31174708/,"Apartamento T4 em Estrada de Benfica, São Domingos de Benfica"
31173715,T2 ,117, ,765371,215560731.0,https://www.idealista.pt/imovel/31173715/,"Apartamento T2 em Alto dos Moinhos, São Domingos de Benfica"
31173694,T1 ,67, ,433074,215560731.0,https://www.idealista.pt/imovel/31173694/,"Apartamento T1 em Alto dos Moinhos, São Domingos de Benfica"
31173693,T2 ,94,1º andar ,630964,215560731.0,https://www.idealista.pt/imovel/31173693/,"Apartamento T2 em Alto dos Moinhos, São Domingos de Benfica"
31173705,T1 ,71,1º andar ,479510,215560731.0,https://www.idealista.pt/imovel/31173705/,"Apartamento T1 em Alto dos Moinhos, São Domingos de Benfica"
31173144,T3 ,200,2º andar ,625000,210053120.0,https://www.idealista.pt/imovel/31173144/,"Apartamento T3 na estrada da Luz, Laranjeiras, São Domingos de Benfica"
31172055,T3 ,132, ,449500,215569712.0,https://www.idealista.pt/imovel/31172055/,"Apartamento T3 em Alto dos Moinhos, São Domingos de Benfica"
31170152,T2 ,85,1º andar ,315000,,https://www.idealista.pt/imovel/31170152/,"Apartamento T2 na rua Virgílio Correia, 45, Laranjeiras, São Domingos de Benfica"
31156441,T1 ,80,,360000,215552741.0,https://www.idealista.pt/imovel/31156441/,"Apartamento T1 em Laranjeiras, São Domingos de Benfica"
31151693,T3 ,123,2º andar ,460000,215557016.0,https://www.idealista.pt/imovel/31151693/,"Apartamento T3 em Alto dos Moinhos, São Domingos de Benfica"
31148921,T4 ,189,6º andar ,570000,215552458.0,https://www.idealista.pt/imovel/31148921/,"Apartamento T4 em Alto dos Moinhos, São Domingos de Benfica"
31148691,T3 ,126, ,530000,215561829.0,https://www.idealista.pt/imovel/31148691/,"Apartamento T3 em Estrada de Benfica, São Domingos de Benfica"
31148161,T4 ,240,,950000,215552783.0,https://www.idealista.pt/imovel/31148161/,"Apartamento T4 na rua António Albino Machado, s/n, Laranjeiras, São Domingos de Benfica"
31148131,T1 ,75,13º andar ,370000,215559701.0,https://www.idealista.pt/imovel/31148131/,"Apartamento T1 na rua Tomás da Fonseca, s/n, Laranjeiras, São Domingos de Benfica"
31138218,T5 ,200,7º andar ,569000,215561758.0,https://www.idealista.pt/imovel/31138218/,"Apartamento T5 em Estrada de Benfica, São Domingos de Benfica"
31130107,T2 ,105,,550000,215552758.0,https://www.idealista.pt/imovel/31130107/,"Apartamento T2 na rua Natércia Freire, s/n, Alto dos Moinhos, São Domingos de Benfica"
31124343,T4 ,203,6º andar ,690000,215550253.0,https://www.idealista.pt/imovel/31124343/,"Apartamento T4 na rua Abranches Ferrão, 21, Laranjeiras, São Domingos de Benfica"
31334370,T5 ,270,10º andar ,1600000,215554863.0,https://www.idealista.pt/imovel/31334370/,"Duplex na avenida dos Combatentes, Sete Rios, São Domingos de Benfica"
31116592,T3 ,173,,795000,215554759.0,https://www.idealista.pt/imovel/31116592/,"Apartamento T3 na rua António Alçada Baptista, s/n, Alto dos Moinhos, São Domingos de Benfica"
31113484,T2 ,70,,275000,215563526.0,https://www.idealista.pt/imovel/31113484/,"Moradia em banda, Rossio Palma, Laranjeiras, São Domingos de Benfica"
31111080,T1 ,82,3º andar ,525000,243430197.0,https://www.idealista.pt/imovel/31111080/,"Apartamento T1 em Alto dos Moinhos, São Domingos de Benfica"
31042863,T4 ,308,,1090000,215556032.0,https://www.idealista.pt/imovel/31042863/,"Apartamento T4 em Laranjeiras, São Domingos de Benfica"
31104999,T3 ,90,2º andar ,320000,215553058.0,https://www.idealista.pt/imovel/31104999/,"Apartamento T3 em Estrada de Benfica, São Domingos de Benfica"
31097980,T4 ,240,9º andar ,1450000,215560317.0,https://www.idealista.pt/imovel/31097980/,"Apartamento T4 em Estrada de Benfica, São Domingos de Benfica"
31093774,T3 ,173,6º andar ,575000,215561846.0,https://www.idealista.pt/imovel/31093774/,"Apartamento T3 em Laranjeiras, São Domingos de Benfica"
31088996,T6 ,244,5º andar ,849000,215560847.0,https://www.idealista.pt/imovel/31088996/,"Apartamento T6 em Laranjeiras, São Domingos de Benfica"
31088144,T2 ,84,,335000,215552758.0,https://www.idealista.pt/imovel/31088144/,"Apartamento T2, Alto dos Moinhos, s/n, Alto dos Moinhos, São Domingos de Benfica"
30987173,T2 ,111,4º andar ,580000,215551063.0,https://www.idealista.pt/imovel/30987173/,"Apartamento T2 em Laranjeiras, São Domingos de Benfica"
30984887,T4 ,197,5º andar ,920000,215551063.0,https://www.idealista.pt/imovel/30984887/,"Apartamento T4 em Laranjeiras, São Domingos de Benfica"
30984892,T5 ,258,5º andar ,1200000,215551063.0,https://www.idealista.pt/imovel/30984892/,"Apartamento T5 em Laranjeiras, São Domingos de Benfica"
31081414,T3 ,258,,985000,215552941.0,https://www.idealista.pt/imovel/31081414/,"Apartamento T3 em Alto dos Moinhos, São Domingos de Benfica"
31077708,T5 ,327,,980000,262220356.0,https://www.idealista.pt/imovel/31077708/,"Apartamento T5 em Estrada de Benfica, São Domingos de Benfica"
31071755,T4 ,212,8º andar ,950000,210062164.0,https://www.idealista.pt/imovel/31071755/,"Apartamento T4 em Laranjeiras, São Domingos de Benfica"
31071310,T3 ,104,7º andar ,379000,215561809.0,https://www.idealista.pt/imovel/31071310/,"Apartamento T3 em Alto dos Moinhos, São Domingos de Benfica"
31067576,T2 ,63,,295000,215560175.0,https://www.idealista.pt/imovel/31067576/,"Apartamento T2 em Estrada de Benfica, São Domingos de Benfica"
31049290,T4 ,160,,760000,215550017.0,https://www.idealista.pt/imovel/31049290/,"Apartamento T4 em Alto dos Moinhos, São Domingos de Benfica"
31060269,T4 ,240,2º andar ,960000,215555164.0,https://www.idealista.pt/imovel/31060269/,"Apartamento T4 na rua Maestro Frederico de Freitas, Alto dos Moinhos, São Domingos de Benfica"
31057474,T3 ,112,1º andar ,399000,215555164.0,https://www.idealista.pt/imovel/31057474/,"Apartamento T3 na rua António Albino Machado, Laranjeiras, São Domingos de Benfica"
30926463,T2 ,107,2º andar ,345000,210053120.0,https://www.idealista.pt/imovel/30926463/,"Apartamento T2 na rua António Albino Machado, Laranjeiras, São Domingos de Benfica"
31052707,T3 ,180,,598000,215564392.0,https://www.idealista.pt/imovel/31052707/,"Apartamento T3 em Alto dos Moinhos, São Domingos de Benfica"
31051116,T3 ,94,5º andar ,330000,215550078.0,https://www.idealista.pt/imovel/31051116/,"Apartamento T3, soeiros, Alto dos Moinhos, São Domingos de Benfica"
31050752,T4 ,207,,1350000,215558037.0,https://www.idealista.pt/imovel/31050752/,"Penthouse em Laranjeiras, São Domingos de Benfica"
31047615,T1 ,48,6º andar ,311000,215559732.0,https://www.idealista.pt/imovel/31047615/,"Apartamento T1 na rua Luciana Stegnano Picchio, Alto dos Moinhos, São Domingos de Benfica"
31037724,T3 ,157,6º andar ,720000,215557218.0,https://www.idealista.pt/imovel/31037724/,"Apartamento T3 na rua António Alçada Baptista, Alto dos Moinhos, São Domingos de Benfica"
31035597,T4 ,177,10º andar ,810000,215558079.0,https://www.idealista.pt/imovel/31035597/,"Apartamento T4 em Laranjeiras, São Domingos de Benfica"
31024331,T1 ,36,Rés do chão ,149999,917195329.0,https://www.idealista.pt/imovel/31024331/,"Apartamento T1 na avenida Conselheiro Barjona de Freitas, 18, Estrada de Benfica, São Domingos de Benfica"
31009672,T1 ,86,6º andar ,395000,215558127.0,https://www.idealista.pt/imovel/31009672/,"Apartamento T1 na rua José Afonso, Laranjeiras, São Domingos de Benfica"
31005780,T4 ,114,2º andar ,245000,215561028.0,https://www.idealista.pt/imovel/31005780/,"Apartamento T4 na estrada de Benfica, Estrada de Benfica, São Domingos de Benfica"
31003065,T6 ,564,10º andar ,2950000,215560317.0,https://www.idealista.pt/imovel/31003065/,"Apartamento T6 em Laranjeiras, São Domingos de Benfica"
30999129,T3 ,112,,399000,215552741.0,https://www.idealista.pt/imovel/30999129/,"Apartamento T3 em Laranjeiras, São Domingos de Benfica"
30987469,T2 ,68,3º andar ,264000,215551974.0,https://www.idealista.pt/imovel/30987469/,"Apartamento T2 em Estrada de Benfica, São Domingos de Benfica"
30986810,T1 ,40,,169000,215553491.0,https://www.idealista.pt/imovel/30986810/,"Apartamento T1 em Estrada de Benfica, São Domingos de Benfica"
30982496,T2 ,117,9º andar ,620000,215558079.0,https://www.idealista.pt/imovel/30982496/,"Apartamento T2 em Laranjeiras, São Domingos de Benfica"
30960422,T2 ,130,3º andar ,447500,265563245.0,https://www.idealista.pt/imovel/30960422/,"Apartamento T2 em Alto dos Moinhos, São Domingos de Benfica"
30956017,T3 ,332,2º andar ,920000,215552836.0,https://www.idealista.pt/imovel/30956017/,"Apartamento T3 na rua Sousa Loureiro, 7, Estrada de Benfica, São Domingos de Benfica"
30940277,T2 ,125,1º andar ,512500,215550117.0,https://www.idealista.pt/imovel/30940277/,"Apartamento T2 em Alto dos Moinhos, São Domingos de Benfica"
30933664,T1 ,99,5º andar ,425000,210020965.0,https://www.idealista.pt/imovel/30933664/,"Apartamento T1 em Laranjeiras, São Domingos de Benfica"
30926415,T6 ,264,5º andar ,980000,215562563.0,https://www.idealista.pt/imovel/30926415/,"Apartamento T6 na rua Virgilio Correia, Laranjeiras, São Domingos de Benfica"
30920619,T4 ,240,,960000,215554759.0,https://www.idealista.pt/imovel/30920619/,"Apartamento T4 na rua Maestro Frederico de Freitas, s/n, Alto dos Moinhos, São Domingos de Benfica"
30920243,T2 ,100, ,320000,215550791.0,https://www.idealista.pt/imovel/30920243/,"Apartamento T2 em Laranjeiras, São Domingos de Benfica"
30915876,T2 ,85,,450000,215550195.0,https://www.idealista.pt/imovel/30915876/,"Apartamento T2 em Sete Rios, São Domingos de Benfica"
29485195,T6 ,340,1º andar ,890000,215550078.0,https://www.idealista.pt/imovel/29485195/,"Apartamento T6 na estrada de Benfica, Estrada de Benfica, São Domingos de Benfica"
30909801,T4 ,130, ,750000,215560317.0,https://www.idealista.pt/imovel/30909801/,"Apartamento T4 em Alto dos Moinhos, São Domingos de Benfica"
30894389,T4 ,242,6º andar ,890000,215556127.0,https://www.idealista.pt/imovel/30894389/,"Apartamento T4 em Laranjeiras, São Domingos de Benfica"
30888613,T6 ,303,,899000,215569028.0,https://www.idealista.pt/imovel/30888613/,"Apartamento T6 no largo Monsenhor Dalgado, s/n, Estrada de Benfica, São Domingos de Benfica"
30880132,T2 ,80,3º andar ,295000,215552798.0,https://www.idealista.pt/imovel/30880132/,"Apartamento T2 em Estrada de Benfica, São Domingos de Benfica"
30877099,T1 ,99,,425000,289983352.0,https://www.idealista.pt/imovel/30877099/,"Apartamento T1 em Estrada de Benfica, São Domingos de Benfica"
30871319,T2 ,81,2º andar ,345000,215550736.0,https://www.idealista.pt/imovel/30871319/,"Apartamento T2 em Laranjeiras, São Domingos de Benfica"
30865549,T4 ,180,,1290000,215560384.0,https://www.idealista.pt/imovel/30865549/,"Apartamento T4 em Laranjeiras, São Domingos de Benfica"
30851888,T3 ,146,,660000,215552931.0,https://www.idealista.pt/imovel/30851888/,"Apartamento T3 na rua António Albino Machado, s/n, Laranjeiras, São Domingos de Benfica"
30846007,T4 ,131,,560000,215553184.0,https://www.idealista.pt/imovel/30846007/,"Apartamento T4 em Alto dos Moinhos, São Domingos de Benfica"
30490350,T4 ,114,5º andar ,330000,215553057.0,https://www.idealista.pt/imovel/30490350/,"Apartamento T4 em Laranjeiras, São Domingos de Benfica"
30844278,T2 ,80,Rés do chão ,350000,215557028.0,https://www.idealista.pt/imovel/30844278/,"Apartamento T2 na avenida Columbano Bordalo Pinheiro, Sete Rios, São Domingos de Benfica"
30829309,T1 ,53,,138000,215554759.0,https://www.idealista.pt/imovel/30829309/,"Apartamento T1 na estrada de Benfica, s/n, Estrada de Benfica, São Domingos de Benfica"
30829308,T3 ,114,,245000,215554759.0,https://www.idealista.pt/imovel/30829308/,"Apartamento T3 na estrada de Benfica, s/n, Estrada de Benfica, São Domingos de Benfica"
30829322,T3 ,103,,280000,215554759.0,https://www.idealista.pt/imovel/30829322/,"Apartamento T3 na estrada de Benfica, s/n, Estrada de Benfica, São Domingos de Benfica"
30829290,T3 ,103,,245000,215554759.0,https://www.idealista.pt/imovel/30829290/,"Apartamento T3 na estrada de Benfica, s/n, Estrada de Benfica, São Domingos de Benfica"
30814984,T3 ,170,7º andar ,720000,215552316.0,https://www.idealista.pt/imovel/30814984/,"Apartamento T3 em Laranjeiras, São Domingos de Benfica"
30810480,T3 ,183,3º andar ,565000,215560958.0,https://www.idealista.pt/imovel/30810480/,"Apartamento T3 em Estrada de Benfica, São Domingos de Benfica"
30810478,T3 ,183,2º andar ,560000,215560958.0,https://www.idealista.pt/imovel/30810478/,"Apartamento T3 em Estrada de Benfica, São Domingos de Benfica"
30806241,T3 ,183,,698000,215559701.0,https://www.idealista.pt/imovel/30806241/,"Apartamento T3 na rua Major Neutel de Abreu, s/n, Alto dos Moinhos, São Domingos de Benfica"
30806217,T3 ,132,,885000,215559701.0,https://www.idealista.pt/imovel/30806217/,"Apartamento T3 em Alto dos Moinhos, São Domingos de Benfica"
30805955,T3 ,120,1º andar ,420000,243433467.0,https://www.idealista.pt/imovel/30805955/,"Apartamento T3 em Alto dos Moinhos, São Domingos de Benfica"
30786006,T1 ,45,1º andar ,320000,215560317.0,https://www.idealista.pt/imovel/30786006/,"Apartamento T1 em Alto dos Moinhos, São Domingos de Benfica"
30773212,T2 ,68,,280000,215567021.0,https://www.idealista.pt/imovel/30773212/,"Apartamento T2 em Estrada de Benfica, São Domingos de Benfica"
30769072,T4 ,234,10º andar ,810000,215551021.0,https://www.idealista.pt/imovel/30769072/,"Penthouse na rua Dr. Bastos Gonçalves, Laranjeiras, São Domingos de Benfica"
30757230,T3 ,90, ,320000,215559135.0,https://www.idealista.pt/imovel/30757230/,"Apartamento T3 em Estrada de Benfica, São Domingos de Benfica"
30748977,T6 ,303,9º andar ,899000,215565428.0,https://www.idealista.pt/imovel/30748977/,"Apartamento T6 no largo Monsenhor Dalgado 8 S. Domingos deBenfica, Estrada de Benfica, São Domingos de Benfica"
30748134,T0 ,30,,165000,215552794.0,https://www.idealista.pt/imovel/30748134/,"Apartamento T0 na rua Conde Almoster, Estrada de Benfica, São Domingos de Benfica"
30741546,T3 ,192, ,730000,215559135.0,https://www.idealista.pt/imovel/30741546/,"Apartamento T3 em Alto dos Moinhos, São Domingos de Benfica"
30702309,T4 ,280,4º andar ,970000,215551728.0,https://www.idealista.pt/imovel/30702309/,"Apartamento T4 em Laranjeiras, São Domingos de Benfica"
30694446,T1 ,57,1º andar ,320000,244410837.0,https://www.idealista.pt/imovel/30694446/,"Apartamento T1 em Alto dos Moinhos, São Domingos de Benfica"
30684397,T4 ,185,3º andar ,590000,215552906.0,https://www.idealista.pt/imovel/30684397/,"Duplex na rua Cândido Figueiredo, s/n, Estrada de Benfica, São Domingos de Benfica"
30673843,T2 ,107,2º andar ,345000,917401763.0,https://www.idealista.pt/imovel/30673843/,"Apartamento T2 na rua António Albino Machado, 13, Laranjeiras, São Domingos de Benfica"
30661860,T4 ,140,7º andar ,895000,215558079.0,https://www.idealista.pt/imovel/30661860/,"Apartamento T4 em Laranjeiras, São Domingos de Benfica"
30010618,T3 ,140,Rés do chão ,340000,919476129.0,https://www.idealista.pt/imovel/30010618/,"Apartamento T3 na rua Cândido Figueiredo, 49, Estrada de Benfica, São Domingos de Benfica"
30595227,T2 ,68,,280000,243430216.0,https://www.idealista.pt/imovel/30595227/,"Apartamento T2 em Estrada de Benfica, São Domingos de Benfica"
30635511,T4 ,218,6º andar ,679000,215560958.0,https://www.idealista.pt/imovel/30635511/,"Apartamento T4 na rua Abranches Ferrão, Laranjeiras, São Domingos de Benfica"
30624871,T4 ,258,3º andar ,595000,265562796.0,https://www.idealista.pt/imovel/30624871/,"Duplex em Alto dos Moinhos, São Domingos de Benfica"
30617062,T5 ,228,8º andar ,950000,215564759.0,https://www.idealista.pt/imovel/30617062/,"Apartamento T5 em Alto dos Moinhos, São Domingos de Benfica"
30592241,T2 ,108,1º andar ,512500,215557625.0,https://www.idealista.pt/imovel/30592241/,"Apartamento T2 em Alto dos Moinhos, São Domingos de Benfica"
29810981,T1 ,81,,175000,920329971.0,https://www.idealista.pt/imovel/29810981/,"Apartamento T1 em Estrada de Benfica, São Domingos de Benfica"
30559945,T3 ,90,2º andar ,320000,215558079.0,https://www.idealista.pt/imovel/30559945/,"Apartamento T3 em Estrada de Benfica, São Domingos de Benfica"
30558746,T5 ,227,,1090000,215551879.0,https://www.idealista.pt/imovel/30558746/,"Apartamento T5 em Laranjeiras, São Domingos de Benfica"
30509676,T4 ,145,Rés do chão ,376500,215567318.0,https://www.idealista.pt/imovel/30509676/,"Apartamento T4 em Alto dos Moinhos, São Domingos de Benfica"
30492609,T5 ,275,,950000,215552741.0,https://www.idealista.pt/imovel/30492609/,"Apartamento T5 em Laranjeiras, São Domingos de Benfica"
30483149,T5 ,238,11º andar ,1050000,215560756.0,https://www.idealista.pt/imovel/30483149/,"Apartamento T5 em Estrada de Benfica, São Domingos de Benfica"
30232719,T2 ,124,1º andar ,512500,215568842.0,https://www.idealista.pt/imovel/30232719/,"Apartamento T2 em Alto dos Moinhos, São Domingos de Benfica"
30364579,T2 ,112,,580000,215552761.0,https://www.idealista.pt/imovel/30364579/,"Apartamento T2 na rua José Afonso, s/n, Laranjeiras, São Domingos de Benfica"
30334431,T4 ,135,,560000,215552869.0,https://www.idealista.pt/imovel/30334431/,"Apartamento T4 na rua Cidade de Cádiz, s/n, Alto dos Moinhos, São Domingos de Benfica"
30313203,T2 ,76,1º andar ,289000,,https://www.idealista.pt/imovel/30313203/,"Apartamento T2 na rua Sousa Loureiro, 5, Estrada de Benfica, São Domingos de Benfica"
30295808,T3 ,118,7º andar ,365000,215553058.0,https://www.idealista.pt/imovel/30295808/,"Apartamento T3 na rua General José Celestino da Silva, 6, Alto dos Moinhos, São Domingos de Benfica"
30289866,T4 ,189,,879000,215554519.0,https://www.idealista.pt/imovel/30289866/,"Apartamento T4 em Laranjeiras, São Domingos de Benfica"
30231442,T2 ,125,,512500,215554519.0,https://www.idealista.pt/imovel/30231442/,"Apartamento T2 em Alto dos Moinhos, São Domingos de Benfica"
30229565,T5 ,286,,1200000,215552761.0,https://www.idealista.pt/imovel/30229565/,"Apartamento T5 na rua José Afonso, s/n, Laranjeiras, São Domingos de Benfica"
30229531,T4 ,213,,920000,215552761.0,https://www.idealista.pt/imovel/30229531/,"Apartamento T4 na rua José Afonso, s/n, Laranjeiras, São Domingos de Benfica"
30176509,T4 ,173, ,660000,215564954.0,https://www.idealista.pt/imovel/30176509/,"Apartamento T4 em Laranjeiras, São Domingos de Benfica"
30170878,T4 ,248,6º andar ,679000,215568037.0,https://www.idealista.pt/imovel/30170878/,"Apartamento T4 em Laranjeiras, São Domingos de Benfica"
30151453,T3 ,77, ,205000,265560179.0,https://www.idealista.pt/imovel/30151453/,"Apartamento T3 em Alto dos Moinhos, São Domingos de Benfica"
30133960,T6 ,257,5º andar ,849000,215560958.0,https://www.idealista.pt/imovel/30133960/,"Apartamento T6 na rua Manuel da Fonseca, Laranjeiras, São Domingos de Benfica"
30119234,T1 ,90, ,430000,262220356.0,https://www.idealista.pt/imovel/30119234/,"Apartamento T1 em Sete Rios, São Domingos de Benfica"
30118405,T2 ,90,5º andar ,530000,215554935.0,https://www.idealista.pt/imovel/30118405/,"Apartamento T2 em Sete Rios, São Domingos de Benfica"
30063356,T2 ,113,7º andar ,470000,,https://www.idealista.pt/imovel/30063356/,"Apartamento T2 na rua António Albino Machado, 13, Laranjeiras, São Domingos de Benfica"
30061759,T3 ,111,,450000,215552796.0,https://www.idealista.pt/imovel/30061759/,"Apartamento T3 na rua Soeiros, Alto dos Moinhos, São Domingos de Benfica"
30026477,T2 ,110,6º andar ,330000,215562896.0,https://www.idealista.pt/imovel/30026477/,"Apartamento T2 na rua Soeiros, Alto dos Moinhos, São Domingos de Benfica"
30005094,T5 ,210,15º andar ,780000,215560317.0,https://www.idealista.pt/imovel/30005094/,"Duplex em Laranjeiras, São Domingos de Benfica"
29998612,T6 ,264,,980000,215552741.0,https://www.idealista.pt/imovel/29998612/,"Apartamento T6 em Laranjeiras, São Domingos de Benfica"
29992764,T4 ,130,4º andar ,560000,215553642.0,https://www.idealista.pt/imovel/29992764/,"Apartamento T4 em Alto dos Moinhos, São Domingos de Benfica"
29977479,T4 ,180,,980000,215552854.0,https://www.idealista.pt/imovel/29977479/,"Apartamento T4 na rua Cidade de Rabat, s/n, Alto dos Moinhos, São Domingos de Benfica"
29880122,T8 ,327,4º andar ,960000,917197033.0,https://www.idealista.pt/imovel/29880122/,"Apartamento T8 na rua António Saúde, 4, Estrada de Benfica, São Domingos de Benfica"
29731702,T3 ,88,4º andar ,330000,215561419.0,https://www.idealista.pt/imovel/29731702/,"Apartamento T3 em Alto dos Moinhos, São Domingos de Benfica"
29584635,T3 ,127,Rés do chão ,460000,215557196.0,https://www.idealista.pt/imovel/29584635/,"Apartamento T3 em Sete Rios, São Domingos de Benfica"
29517697,T6 ,197,,680000,215561712.0,https://www.idealista.pt/imovel/29517697/,"Apartamento T6 em Estrada de Benfica, São Domingos de Benfica"
29509972,T2 ,88,5º andar ,330000,215550638.0,https://www.idealista.pt/imovel/29509972/,"Apartamento T2 na estrada soeiros, Alto dos Moinhos, São Domingos de Benfica"
29099794,T4 ,226, ,750000,289987045.0,https://www.idealista.pt/imovel/29099794/,"Apartamento T4 em Alto dos Moinhos, São Domingos de Benfica"
28988900,T1 ,69,,320000,215552854.0,https://www.idealista.pt/imovel/28988900/,"Apartamento T1 na estrada da Luz, s/n, Alto dos Moinhos, São Domingos de Benfica"
28102675,T5 ,208, ,900000,215553184.0,https://www.idealista.pt/imovel/28102675/,"Apartamento T5 em Alto dos Moinhos, São Domingos de Benfica"
